"","Trait","Trait_Type","Category","SubCategory","Description","num_samples.EUR","num_cases.EUR","num_controls.EUR","dbgap_cat.EUR","dbgap_cat.pheno","V1","V2","V3","V4","V5","V6","tar_file","file_name"
"1","A1C_Mean_INT","qt","Labs","Labs","hemoglobin A1c (HbA1c, mean, inv-norm transformed)",338848,NA,NA,"NOT_SENSITIVE","NOT_SENSITIVE","-rw-rw-r--","huffmanj/med112",483693892,"2023-10-17","12:43","MVP_R4.1000G_AGR.GIA.Labs_batch1/MVP_R4.1000G_AGR.A1C_Mean_INT.EUR.GIA.dbGaP.txt.gz","phs002453.MVP_R4.1000G_AGR.GIA.Labs_batch1.analysis-PI.MULTI.tar","MVP_R4.1000G_AGR.A1C_Mean_INT.EUR.GIA.dbGaP.txt.gz"
"2","A1C_Mean_INT","qt","Labs","Labs","hemoglobin A1c (HbA1c, mean, inv-norm transformed)",338848,NA,NA,"NOT_SENSITIVE","NOT_SENSITIVE","-rw-rw-r--","huffmanj/med112",1192,"2023-10-17","12:44","MVP_R4.1000G_AGR.GIA.Labs_batch1/MVP_R4.1000G_AGR.A1C_Mean_INT.EUR.GIA.dbGaP.metadata.txt","phs002453.MVP_R4.1000G_AGR.GIA.Labs_batch1.analysis-PI.MULTI.tar","MVP_R4.1000G_AGR.A1C_Mean_INT.EUR.GIA.dbGaP.metadata.txt"
"3","Albumin_Mean_INT","qt","Labs","Labs","albumin (mean, inv-norm transformed)",372962,NA,NA,"NOT_SENSITIVE","NOT_SENSITIVE","-rw-rw-r--","huffmanj/med112",1172,"2023-10-17","12:44","MVP_R4.1000G_AGR.GIA.Labs_batch1/MVP_R4.1000G_AGR.Albumin_Mean_INT.EUR.GIA.dbGaP.metadata.txt","phs002453.MVP_R4.1000G_AGR.GIA.Labs_batch1.analysis-PI.MULTI.tar","MVP_R4.1000G_AGR.Albumin_Mean_INT.EUR.GIA.dbGaP.metadata.txt"
"4","Albumin_Mean_INT","qt","Labs","Labs","albumin (mean, inv-norm transformed)",372962,NA,NA,"NOT_SENSITIVE","NOT_SENSITIVE","-rw-rw-r--","huffmanj/med112",483505904,"2023-10-17","12:43","MVP_R4.1000G_AGR.GIA.Labs_batch1/MVP_R4.1000G_AGR.Albumin_Mean_INT.EUR.GIA.dbGaP.txt.gz","phs002453.MVP_R4.1000G_AGR.GIA.Labs_batch1.analysis-PI.MULTI.tar","MVP_R4.1000G_AGR.Albumin_Mean_INT.EUR.GIA.dbGaP.txt.gz"
"5","ALT_Mean_INT","qt","Labs","Labs","alanine transaminase (ALT, mean, inv-norm transformed)",406803,NA,NA,"NOT_SENSITIVE","NOT_SENSITIVE","-rw-rw-r--","huffmanj/med112",1200,"2023-10-17","12:44","MVP_R4.1000G_AGR.GIA.Labs_batch1/MVP_R4.1000G_AGR.ALT_Mean_INT.EUR.GIA.dbGaP.metadata.txt","phs002453.MVP_R4.1000G_AGR.GIA.Labs_batch1.analysis-PI.MULTI.tar","MVP_R4.1000G_AGR.ALT_Mean_INT.EUR.GIA.dbGaP.metadata.txt"
"6","ALT_Mean_INT","qt","Labs","Labs","alanine transaminase (ALT, mean, inv-norm transformed)",406803,NA,NA,"NOT_SENSITIVE","NOT_SENSITIVE","-rw-rw-r--","huffmanj/med112",483061103,"2023-10-17","12:43","MVP_R4.1000G_AGR.GIA.Labs_batch1/MVP_R4.1000G_AGR.ALT_Mean_INT.EUR.GIA.dbGaP.txt.gz","phs002453.MVP_R4.1000G_AGR.GIA.Labs_batch1.analysis-PI.MULTI.tar","MVP_R4.1000G_AGR.ALT_Mean_INT.EUR.GIA.dbGaP.txt.gz"
"7","AST_Mean_INT","qt","Labs","Labs","aspartate aminotransferase (AST, mean, inv-norm transformed)",389192,NA,NA,"NOT_SENSITIVE","NOT_SENSITIVE","-rw-rw-r--","huffmanj/med112",483391338,"2023-10-17","12:44","MVP_R4.1000G_AGR.GIA.Labs_batch1/MVP_R4.1000G_AGR.AST_Mean_INT.EUR.GIA.dbGaP.txt.gz","phs002453.MVP_R4.1000G_AGR.GIA.Labs_batch1.analysis-PI.MULTI.tar","MVP_R4.1000G_AGR.AST_Mean_INT.EUR.GIA.dbGaP.txt.gz"
"8","AST_Mean_INT","qt","Labs","Labs","aspartate aminotransferase (AST, mean, inv-norm transformed)",389192,NA,NA,"NOT_SENSITIVE","NOT_SENSITIVE","-rw-rw-r--","huffmanj/med112",1212,"2023-10-17","12:44","MVP_R4.1000G_AGR.GIA.Labs_batch1/MVP_R4.1000G_AGR.AST_Mean_INT.EUR.GIA.dbGaP.metadata.txt","phs002453.MVP_R4.1000G_AGR.GIA.Labs_batch1.analysis-PI.MULTI.tar","MVP_R4.1000G_AGR.AST_Mean_INT.EUR.GIA.dbGaP.metadata.txt"
"9","Bicarbonate_Mean_INT","qt","Labs","Labs","bicarbonate (mean, inv-norm transformed)",412513,NA,NA,"NOT_SENSITIVE","NOT_SENSITIVE","-rw-rw-r--","huffmanj/med112",482943880,"2023-10-17","12:44","MVP_R4.1000G_AGR.GIA.Labs_batch1/MVP_R4.1000G_AGR.Bicarbonate_Mean_INT.EUR.GIA.dbGaP.txt.gz","phs002453.MVP_R4.1000G_AGR.GIA.Labs_batch1.analysis-PI.MULTI.tar","MVP_R4.1000G_AGR.Bicarbonate_Mean_INT.EUR.GIA.dbGaP.txt.gz"
"10","Bicarbonate_Mean_INT","qt","Labs","Labs","bicarbonate (mean, inv-norm transformed)",412513,NA,NA,"NOT_SENSITIVE","NOT_SENSITIVE","-rw-rw-r--","huffmanj/med112",1188,"2023-10-17","12:44","MVP_R4.1000G_AGR.GIA.Labs_batch1/MVP_R4.1000G_AGR.Bicarbonate_Mean_INT.EUR.GIA.dbGaP.metadata.txt","phs002453.MVP_R4.1000G_AGR.GIA.Labs_batch1.analysis-PI.MULTI.tar","MVP_R4.1000G_AGR.Bicarbonate_Mean_INT.EUR.GIA.dbGaP.metadata.txt"
"11","Chloride_BSP_Mean_INT","qt","Labs","Labs","chloride  (mean, inv-norm transformed)",412569,NA,NA,"NOT_SENSITIVE","NOT_SENSITIVE","-rw-rw-r--","huffmanj/med112",1186,"2023-10-17","12:44","MVP_R4.1000G_AGR.GIA.Labs_batch1/MVP_R4.1000G_AGR.Chloride_BSP_Mean_INT.EUR.GIA.dbGaP.metadata.txt","phs002453.MVP_R4.1000G_AGR.GIA.Labs_batch1.analysis-PI.MULTI.tar","MVP_R4.1000G_AGR.Chloride_BSP_Mean_INT.EUR.GIA.dbGaP.metadata.txt"
"12","Chloride_BSP_Mean_INT","qt","Labs","Labs","chloride  (mean, inv-norm transformed)",412569,NA,NA,"NOT_SENSITIVE","NOT_SENSITIVE","-rw-rw-r--","huffmanj/med112",482973245,"2023-10-17","12:44","MVP_R4.1000G_AGR.GIA.Labs_batch1/MVP_R4.1000G_AGR.Chloride_BSP_Mean_INT.EUR.GIA.dbGaP.txt.gz","phs002453.MVP_R4.1000G_AGR.GIA.Labs_batch1.analysis-PI.MULTI.tar","MVP_R4.1000G_AGR.Chloride_BSP_Mean_INT.EUR.GIA.dbGaP.txt.gz"
"13","CircChol","binary","Surveys","Disease Diagnosis","High Cholesterol",315668,176604,139064,"NOT_SENSITIVE","NOT_SENSITIVE","-rw-rw-r--","huffmanj/med112",577157162,"2023-10-17","11:43","MVP_R4.1000G_AGR.GIA.Surveys_Binary_batch1/MVP_R4.1000G_AGR.CircChol.EUR.GIA.dbGaP.txt.gz","phs002453.MVP_R4.1000G_AGR.GIA.Surveys_Binary_batch1.analysis-PI.MULTI.tar","MVP_R4.1000G_AGR.CircChol.EUR.GIA.dbGaP.txt.gz"
"14","CircChol","binary","Surveys","Disease Diagnosis","High Cholesterol",315668,176604,139064,"NOT_SENSITIVE","NOT_SENSITIVE","-rw-rw-r--","huffmanj/med112",1185,"2023-10-17","11:41","MVP_R4.1000G_AGR.GIA.Surveys_Binary_batch1/MVP_R4.1000G_AGR.CircChol.EUR.GIA.dbGaP.metadata.txt","phs002453.MVP_R4.1000G_AGR.GIA.Surveys_Binary_batch1.analysis-PI.MULTI.tar","MVP_R4.1000G_AGR.CircChol.EUR.GIA.dbGaP.metadata.txt"
"15","DoDM","binary","Surveys","Disease Diagnosis","Diabetes / ""Sugar""",315668,80160,235508,"NOT_SENSITIVE","NOT_SENSITIVE","-rw-rw-r--","huffmanj/med112",581472156,"2023-10-17","11:46","MVP_R4.1000G_AGR.GIA.Surveys_Binary_batch1/MVP_R4.1000G_AGR.DoDM.EUR.GIA.dbGaP.txt.gz","phs002453.MVP_R4.1000G_AGR.GIA.Surveys_Binary_batch1.analysis-PI.MULTI.tar","MVP_R4.1000G_AGR.DoDM.EUR.GIA.dbGaP.txt.gz"
"16","DoDM","binary","Surveys","Disease Diagnosis","Diabetes / ""Sugar""",315668,80160,235508,"NOT_SENSITIVE","NOT_SENSITIVE","-rw-rw-r--","huffmanj/med112",1179,"2023-10-17","11:41","MVP_R4.1000G_AGR.GIA.Surveys_Binary_batch1/MVP_R4.1000G_AGR.DoDM.EUR.GIA.dbGaP.metadata.txt","phs002453.MVP_R4.1000G_AGR.GIA.Surveys_Binary_batch1.analysis-PI.MULTI.tar","MVP_R4.1000G_AGR.DoDM.EUR.GIA.dbGaP.metadata.txt"
"17","DoThy","binary","Surveys","Disease Diagnosis","Thyroid problems",315668,33335,282333,"NOT_SENSITIVE","NOT_SENSITIVE","-rw-rw-r--","huffmanj/med112",584424154,"2023-10-17","11:46","MVP_R4.1000G_AGR.GIA.Surveys_Binary_batch1/MVP_R4.1000G_AGR.DoThy.EUR.GIA.dbGaP.txt.gz","phs002453.MVP_R4.1000G_AGR.GIA.Surveys_Binary_batch1.analysis-PI.MULTI.tar","MVP_R4.1000G_AGR.DoThy.EUR.GIA.dbGaP.txt.gz"
"18","DoThy","binary","Surveys","Disease Diagnosis","Thyroid problems",315668,33335,282333,"NOT_SENSITIVE","NOT_SENSITIVE","-rw-rw-r--","huffmanj/med112",1177,"2023-10-17","11:41","MVP_R4.1000G_AGR.GIA.Surveys_Binary_batch1/MVP_R4.1000G_AGR.DoThy.EUR.GIA.dbGaP.metadata.txt","phs002453.MVP_R4.1000G_AGR.GIA.Surveys_Binary_batch1.analysis-PI.MULTI.tar","MVP_R4.1000G_AGR.DoThy.EUR.GIA.dbGaP.metadata.txt"
"19","eGFR_Mean_INT","qt","Labs","Labs","estimated glomerular filtration rate (eGFR, mean, inv-norm transformed)",398886,NA,NA,"NOT_SENSITIVE","NOT_SENSITIVE","-rw-rw-r--","huffmanj/med112",1236,"2023-10-17","12:44","MVP_R4.1000G_AGR.GIA.Labs_batch1/MVP_R4.1000G_AGR.eGFR_Mean_INT.EUR.GIA.dbGaP.metadata.txt","phs002453.MVP_R4.1000G_AGR.GIA.Labs_batch1.analysis-PI.MULTI.tar","MVP_R4.1000G_AGR.eGFR_Mean_INT.EUR.GIA.dbGaP.metadata.txt"
"20","eGFR_Mean_INT","qt","Labs","Labs","estimated glomerular filtration rate (eGFR, mean, inv-norm transformed)",398886,NA,NA,"NOT_SENSITIVE","NOT_SENSITIVE","-rw-rw-r--","huffmanj/med112",483352276,"2023-10-17","12:45","MVP_R4.1000G_AGR.GIA.Labs_batch1/MVP_R4.1000G_AGR.eGFR_Mean_INT.EUR.GIA.dbGaP.txt.gz","phs002453.MVP_R4.1000G_AGR.GIA.Labs_batch1.analysis-PI.MULTI.tar","MVP_R4.1000G_AGR.eGFR_Mean_INT.EUR.GIA.dbGaP.txt.gz"
"21","GIIBS","binary","Surveys","Disease Diagnosis","Irritable Bowel Syndrome (IBS)",315668,15794,299874,"NOT_SENSITIVE","NOT_SENSITIVE","-rw-rw-r--","huffmanj/med112",589594054,"2023-10-17","11:47","MVP_R4.1000G_AGR.GIA.Surveys_Binary_batch2/MVP_R4.1000G_AGR.GIIBS.EUR.GIA.dbGaP.txt.gz","phs002453.MVP_R4.1000G_AGR.GIA.Surveys_Binary_batch2.analysis-PI.MULTI.tar","MVP_R4.1000G_AGR.GIIBS.EUR.GIA.dbGaP.txt.gz"
"22","GIIBS","binary","Surveys","Disease Diagnosis","Irritable Bowel Syndrome (IBS)",315668,15794,299874,"NOT_SENSITIVE","NOT_SENSITIVE","-rw-rw-r--","huffmanj/med112",1205,"2023-10-17","11:41","MVP_R4.1000G_AGR.GIA.Surveys_Binary_batch2/MVP_R4.1000G_AGR.GIIBS.EUR.GIA.dbGaP.metadata.txt","phs002453.MVP_R4.1000G_AGR.GIA.Surveys_Binary_batch2.analysis-PI.MULTI.tar","MVP_R4.1000G_AGR.GIIBS.EUR.GIA.dbGaP.metadata.txt"
"23","GIOth","binary","Surveys","Disease Diagnosis","Other digestive system problems",315668,17700,297968,"NOT_SENSITIVE","NOT_SENSITIVE","-rw-rw-r--","huffmanj/med112",1207,"2023-10-17","11:41","MVP_R4.1000G_AGR.GIA.Surveys_Binary_batch2/MVP_R4.1000G_AGR.GIOth.EUR.GIA.dbGaP.metadata.txt","phs002453.MVP_R4.1000G_AGR.GIA.Surveys_Binary_batch2.analysis-PI.MULTI.tar","MVP_R4.1000G_AGR.GIOth.EUR.GIA.dbGaP.metadata.txt"
"24","GIOth","binary","Surveys","Disease Diagnosis","Other digestive system problems",315668,17700,297968,"NOT_SENSITIVE","NOT_SENSITIVE","-rw-rw-r--","huffmanj/med112",588355902,"2023-10-17","11:47","MVP_R4.1000G_AGR.GIA.Surveys_Binary_batch2/MVP_R4.1000G_AGR.GIOth.EUR.GIA.dbGaP.txt.gz","phs002453.MVP_R4.1000G_AGR.GIA.Surveys_Binary_batch2.analysis-PI.MULTI.tar","MVP_R4.1000G_AGR.GIOth.EUR.GIA.dbGaP.txt.gz"
"25","GIPolyp","binary","Surveys","Disease Diagnosis","Colon Polyps",315668,73737,241931,"NOT_SENSITIVE","NOT_SENSITIVE","-rw-rw-r--","huffmanj/med112",1173,"2023-10-17","11:41","MVP_R4.1000G_AGR.GIA.Surveys_Binary_batch2/MVP_R4.1000G_AGR.GIPolyp.EUR.GIA.dbGaP.metadata.txt","phs002453.MVP_R4.1000G_AGR.GIA.Surveys_Binary_batch2.analysis-PI.MULTI.tar","MVP_R4.1000G_AGR.GIPolyp.EUR.GIA.dbGaP.metadata.txt"
"26","GIPolyp","binary","Surveys","Disease Diagnosis","Colon Polyps",315668,73737,241931,"NOT_SENSITIVE","NOT_SENSITIVE","-rw-rw-r--","huffmanj/med112",577840994,"2023-10-17","11:47","MVP_R4.1000G_AGR.GIA.Surveys_Binary_batch2/MVP_R4.1000G_AGR.GIPolyp.EUR.GIA.dbGaP.txt.gz","phs002453.MVP_R4.1000G_AGR.GIA.Surveys_Binary_batch2.analysis-PI.MULTI.tar","MVP_R4.1000G_AGR.GIPolyp.EUR.GIA.dbGaP.txt.gz"
"27","GIReflux","binary","Surveys","Disease Diagnosis","Acid Reflux/GERD",315668,107942,207726,"NOT_SENSITIVE","NOT_SENSITIVE","-rw-rw-r--","huffmanj/med112",1185,"2023-10-17","11:41","MVP_R4.1000G_AGR.GIA.Surveys_Binary_batch2/MVP_R4.1000G_AGR.GIReflux.EUR.GIA.dbGaP.metadata.txt","phs002453.MVP_R4.1000G_AGR.GIA.Surveys_Binary_batch2.analysis-PI.MULTI.tar","MVP_R4.1000G_AGR.GIReflux.EUR.GIA.dbGaP.metadata.txt"
"28","GIReflux","binary","Surveys","Disease Diagnosis","Acid Reflux/GERD",315668,107942,207726,"NOT_SENSITIVE","NOT_SENSITIVE","-rw-rw-r--","huffmanj/med112",577757050,"2023-10-17","11:47","MVP_R4.1000G_AGR.GIA.Surveys_Binary_batch2/MVP_R4.1000G_AGR.GIReflux.EUR.GIA.dbGaP.txt.gz","phs002453.MVP_R4.1000G_AGR.GIA.Surveys_Binary_batch2.analysis-PI.MULTI.tar","MVP_R4.1000G_AGR.GIReflux.EUR.GIA.dbGaP.txt.gz"
"29","GIUlcer","binary","Surveys","Disease Diagnosis","Peptic Ulcers",315668,10929,304739,"NOT_SENSITIVE","NOT_SENSITIVE","-rw-rw-r--","huffmanj/med112",592932294,"2023-10-17","11:47","MVP_R4.1000G_AGR.GIA.Surveys_Binary_batch2/MVP_R4.1000G_AGR.GIUlcer.EUR.GIA.dbGaP.txt.gz","phs002453.MVP_R4.1000G_AGR.GIA.Surveys_Binary_batch2.analysis-PI.MULTI.tar","MVP_R4.1000G_AGR.GIUlcer.EUR.GIA.dbGaP.txt.gz"
"30","GIUlcer","binary","Surveys","Disease Diagnosis","Peptic Ulcers",315668,10929,304739,"NOT_SENSITIVE","NOT_SENSITIVE","-rw-rw-r--","huffmanj/med112",1175,"2023-10-17","11:41","MVP_R4.1000G_AGR.GIA.Surveys_Binary_batch2/MVP_R4.1000G_AGR.GIUlcer.EUR.GIA.dbGaP.metadata.txt","phs002453.MVP_R4.1000G_AGR.GIA.Surveys_Binary_batch2.analysis-PI.MULTI.tar","MVP_R4.1000G_AGR.GIUlcer.EUR.GIA.dbGaP.metadata.txt"
"31","Glucose_FS_Mean_INT","qt","Labs","Labs","glucose (finger stick, mean, inv-norm transformed)",69680,NA,NA,"NOT_SENSITIVE","NOT_SENSITIVE","-rw-rw-r--","huffmanj/med112",1204,"2023-10-17","12:44","MVP_R4.1000G_AGR.GIA.Labs_batch2/MVP_R4.1000G_AGR.Glucose_FS_Mean_INT.EUR.GIA.dbGaP.metadata.txt","phs002453.MVP_R4.1000G_AGR.GIA.Labs_batch2.analysis-PI.MULTI.tar","MVP_R4.1000G_AGR.Glucose_FS_Mean_INT.EUR.GIA.dbGaP.metadata.txt"
"32","Glucose_FS_Mean_INT","qt","Labs","Labs","glucose (finger stick, mean, inv-norm transformed)",69680,NA,NA,"NOT_SENSITIVE","NOT_SENSITIVE","-rw-rw-r--","huffmanj/med112",481021057,"2023-10-17","12:45","MVP_R4.1000G_AGR.GIA.Labs_batch2/MVP_R4.1000G_AGR.Glucose_FS_Mean_INT.EUR.GIA.dbGaP.txt.gz","phs002453.MVP_R4.1000G_AGR.GIA.Labs_batch2.analysis-PI.MULTI.tar","MVP_R4.1000G_AGR.Glucose_FS_Mean_INT.EUR.GIA.dbGaP.txt.gz"
"33","Glucose_Mean_INT","qt","Labs","Labs","glucose (fasting status unknown, mean, inv-norm transformed)",419946,NA,NA,"NOT_SENSITIVE","NOT_SENSITIVE","-rw-rw-r--","huffmanj/med112",1220,"2023-10-17","12:44","MVP_R4.1000G_AGR.GIA.Labs_batch2/MVP_R4.1000G_AGR.Glucose_Mean_INT.EUR.GIA.dbGaP.metadata.txt","phs002453.MVP_R4.1000G_AGR.GIA.Labs_batch2.analysis-PI.MULTI.tar","MVP_R4.1000G_AGR.Glucose_Mean_INT.EUR.GIA.dbGaP.metadata.txt"
"34","Glucose_Mean_INT","qt","Labs","Labs","glucose (fasting status unknown, mean, inv-norm transformed)",419946,NA,NA,"NOT_SENSITIVE","NOT_SENSITIVE","-rw-rw-r--","huffmanj/med112",483624573,"2023-10-17","12:49","MVP_R4.1000G_AGR.GIA.Labs_batch2/MVP_R4.1000G_AGR.Glucose_Mean_INT.EUR.GIA.dbGaP.txt.gz","phs002453.MVP_R4.1000G_AGR.GIA.Labs_batch2.analysis-PI.MULTI.tar","MVP_R4.1000G_AGR.Glucose_Mean_INT.EUR.GIA.dbGaP.txt.gz"
"35","HDLC_Mean_INT","qt","Labs","Labs","high density lipoprotein cholesterol (HDLC, mean, inv-norm transformed)",404121,NA,NA,"NOT_SENSITIVE","NOT_SENSITIVE","-rw-rw-r--","huffmanj/med112",484151781,"2023-10-17","12:45","MVP_R4.1000G_AGR.GIA.Labs_batch2/MVP_R4.1000G_AGR.HDLC_Mean_INT.EUR.GIA.dbGaP.txt.gz","phs002453.MVP_R4.1000G_AGR.GIA.Labs_batch2.analysis-PI.MULTI.tar","MVP_R4.1000G_AGR.HDLC_Mean_INT.EUR.GIA.dbGaP.txt.gz"
"36","HDLC_Mean_INT","qt","Labs","Labs","high density lipoprotein cholesterol (HDLC, mean, inv-norm transformed)",404121,NA,NA,"NOT_SENSITIVE","NOT_SENSITIVE","-rw-rw-r--","huffmanj/med112",1236,"2023-10-17","12:44","MVP_R4.1000G_AGR.GIA.Labs_batch2/MVP_R4.1000G_AGR.HDLC_Mean_INT.EUR.GIA.dbGaP.metadata.txt","phs002453.MVP_R4.1000G_AGR.GIA.Labs_batch2.analysis-PI.MULTI.tar","MVP_R4.1000G_AGR.HDLC_Mean_INT.EUR.GIA.dbGaP.metadata.txt"
"37","LDLC_Mean_INT","qt","Labs","Labs","low density lipoprotein cholesterol (LDLC, mean, inv-norm transformed)",404741,NA,NA,"NOT_SENSITIVE","NOT_SENSITIVE","-rw-rw-r--","huffmanj/med112",1234,"2023-10-17","12:44","MVP_R4.1000G_AGR.GIA.Labs_batch2/MVP_R4.1000G_AGR.LDLC_Mean_INT.EUR.GIA.dbGaP.metadata.txt","phs002453.MVP_R4.1000G_AGR.GIA.Labs_batch2.analysis-PI.MULTI.tar","MVP_R4.1000G_AGR.LDLC_Mean_INT.EUR.GIA.dbGaP.metadata.txt"
"38","LDLC_Mean_INT","qt","Labs","Labs","low density lipoprotein cholesterol (LDLC, mean, inv-norm transformed)",404741,NA,NA,"NOT_SENSITIVE","NOT_SENSITIVE","-rw-rw-r--","huffmanj/med112",483000676,"2023-10-17","12:46","MVP_R4.1000G_AGR.GIA.Labs_batch2/MVP_R4.1000G_AGR.LDLC_Mean_INT.EUR.GIA.dbGaP.txt.gz","phs002453.MVP_R4.1000G_AGR.GIA.Labs_batch2.analysis-PI.MULTI.tar","MVP_R4.1000G_AGR.LDLC_Mean_INT.EUR.GIA.dbGaP.txt.gz"
"39","Mg_BSP_Mean_INT","qt","Labs","Labs","magnesium (Mg, mean, inv-norm transformed)",145571,NA,NA,"NOT_SENSITIVE","NOT_SENSITIVE","-rw-rw-r--","huffmanj/med112",1182,"2023-10-17","12:44","MVP_R4.1000G_AGR.GIA.Labs_batch2/MVP_R4.1000G_AGR.Mg_BSP_Mean_INT.EUR.GIA.dbGaP.metadata.txt","phs002453.MVP_R4.1000G_AGR.GIA.Labs_batch2.analysis-PI.MULTI.tar","MVP_R4.1000G_AGR.Mg_BSP_Mean_INT.EUR.GIA.dbGaP.metadata.txt"
"40","Mg_BSP_Mean_INT","qt","Labs","Labs","magnesium (Mg, mean, inv-norm transformed)",145571,NA,NA,"NOT_SENSITIVE","NOT_SENSITIVE","-rw-rw-r--","huffmanj/med112",481182737,"2023-10-17","12:46","MVP_R4.1000G_AGR.GIA.Labs_batch2/MVP_R4.1000G_AGR.Mg_BSP_Mean_INT.EUR.GIA.dbGaP.txt.gz","phs002453.MVP_R4.1000G_AGR.GIA.Labs_batch2.analysis-PI.MULTI.tar","MVP_R4.1000G_AGR.Mg_BSP_Mean_INT.EUR.GIA.dbGaP.txt.gz"
"41","Phe_153","binary","PheCodes","Neoplasms","Colorectal cancer",446766,10436,436330,"NOT_SENSITIVE","NOT_SENSITIVE","-rw-rw-r--","huffmanj/med112",1183,"2023-10-05","19:50","MVP_R4.1000G_AGR.GIA.PheCodes_Neoplasms_batch1/MVP_R4.1000G_AGR.Phe_153.EUR.GIA.dbGaP.metadata.txt","phs002453.MVP_R4.1000G_AGR.GIA.PheCodes_Neoplasms_batch1.analysis-PI.MULTI.tar","MVP_R4.1000G_AGR.Phe_153.EUR.GIA.dbGaP.metadata.txt"
"42","Phe_153","binary","PheCodes","Neoplasms","Colorectal cancer",446766,10436,436330,"NOT_SENSITIVE","NOT_SENSITIVE","-rw-rw-r--","huffmanj/med112",595281603,"2023-10-05","19:44","MVP_R4.1000G_AGR.GIA.PheCodes_Neoplasms_batch1/MVP_R4.1000G_AGR.Phe_153.EUR.GIA.dbGaP.txt.gz","phs002453.MVP_R4.1000G_AGR.GIA.PheCodes_Neoplasms_batch1.analysis-PI.MULTI.tar","MVP_R4.1000G_AGR.Phe_153.EUR.GIA.dbGaP.txt.gz"
"43","Phe_208","binary","PheCodes","Neoplasms","Benign neoplasm of colon",395250,125095,270155,"NOT_SENSITIVE","NOT_SENSITIVE","-rw-rw-r--","huffmanj/med112",1199,"2023-10-05","19:50","MVP_R4.1000G_AGR.GIA.PheCodes_Neoplasms_batch2/MVP_R4.1000G_AGR.Phe_208.EUR.GIA.dbGaP.metadata.txt","phs002453.MVP_R4.1000G_AGR.GIA.PheCodes_Neoplasms_batch2.analysis-PI.MULTI.tar","MVP_R4.1000G_AGR.Phe_208.EUR.GIA.dbGaP.metadata.txt"
"44","Phe_208","binary","PheCodes","Neoplasms","Benign neoplasm of colon",395250,125095,270155,"NOT_SENSITIVE","NOT_SENSITIVE","-rw-rw-r--","huffmanj/med112",578160045,"2023-10-05","19:48","MVP_R4.1000G_AGR.GIA.PheCodes_Neoplasms_batch2/MVP_R4.1000G_AGR.Phe_208.EUR.GIA.dbGaP.txt.gz","phs002453.MVP_R4.1000G_AGR.GIA.PheCodes_Neoplasms_batch2.analysis-PI.MULTI.tar","MVP_R4.1000G_AGR.Phe_208.EUR.GIA.dbGaP.txt.gz"
"45","Phe_241","binary","PheCodes","Endocrine or Metabolic","Nontoxic nodular goiter",446291,15286,431005,"NOT_SENSITIVE","NOT_SENSITIVE","-rw-rw-r--","huffmanj/med112",591836072,"2023-09-15","10:12","MVP_R4.1000G_AGR.GIA.PheCodes_EndocrineMetabolic_batch1/MVP_R4.1000G_AGR.Phe_241.EUR.GIA.dbGaP.txt.gz","phs002453.MVP_R4.1000G_AGR.GIA.PheCodes_EndocrineMetabolic_batch1.analysis-PI.MULTI.tar","MVP_R4.1000G_AGR.Phe_241.EUR.GIA.dbGaP.txt.gz"
"46","Phe_241","binary","PheCodes","Endocrine or Metabolic","Nontoxic nodular goiter",446291,15286,431005,"NOT_SENSITIVE","NOT_SENSITIVE","-rw-rw-r--","huffmanj/med112",1195,"2023-09-15","10:24","MVP_R4.1000G_AGR.GIA.PheCodes_EndocrineMetabolic_batch1/MVP_R4.1000G_AGR.Phe_241.EUR.GIA.dbGaP.metadata.txt","phs002453.MVP_R4.1000G_AGR.GIA.PheCodes_EndocrineMetabolic_batch1.analysis-PI.MULTI.tar","MVP_R4.1000G_AGR.Phe_241.EUR.GIA.dbGaP.metadata.txt"
"47","Phe_241_1","binary","PheCodes","Endocrine or Metabolic","Nontoxic uninodular goiter",446122,12152,433970,"NOT_SENSITIVE","NOT_SENSITIVE","-rw-rw-r--","huffmanj/med112",593895290,"2023-09-15","10:12","MVP_R4.1000G_AGR.GIA.PheCodes_EndocrineMetabolic_batch1/MVP_R4.1000G_AGR.Phe_241_1.EUR.GIA.dbGaP.txt.gz","phs002453.MVP_R4.1000G_AGR.GIA.PheCodes_EndocrineMetabolic_batch1.analysis-PI.MULTI.tar","MVP_R4.1000G_AGR.Phe_241_1.EUR.GIA.dbGaP.txt.gz"
"48","Phe_241_1","binary","PheCodes","Endocrine or Metabolic","Nontoxic uninodular goiter",446122,12152,433970,"NOT_SENSITIVE","NOT_SENSITIVE","-rw-rw-r--","huffmanj/med112",1205,"2023-09-15","10:30","MVP_R4.1000G_AGR.GIA.PheCodes_EndocrineMetabolic_batch1/MVP_R4.1000G_AGR.Phe_241_1.EUR.GIA.dbGaP.metadata.txt","phs002453.MVP_R4.1000G_AGR.GIA.PheCodes_EndocrineMetabolic_batch1.analysis-PI.MULTI.tar","MVP_R4.1000G_AGR.Phe_241_1.EUR.GIA.dbGaP.metadata.txt"
"49","Phe_244","binary","PheCodes","Endocrine or Metabolic","Hypothyroidism",441135,62814,378321,"NOT_SENSITIVE","NOT_SENSITIVE","-rw-rw-r--","huffmanj/med112",582702257,"2023-09-15","10:12","MVP_R4.1000G_AGR.GIA.PheCodes_EndocrineMetabolic_batch1/MVP_R4.1000G_AGR.Phe_244.EUR.GIA.dbGaP.txt.gz","phs002453.MVP_R4.1000G_AGR.GIA.PheCodes_EndocrineMetabolic_batch1.analysis-PI.MULTI.tar","MVP_R4.1000G_AGR.Phe_244.EUR.GIA.dbGaP.txt.gz"
"50","Phe_244","binary","PheCodes","Endocrine or Metabolic","Hypothyroidism",441135,62814,378321,"NOT_SENSITIVE","NOT_SENSITIVE","-rw-rw-r--","huffmanj/med112",1177,"2023-09-15","10:24","MVP_R4.1000G_AGR.GIA.PheCodes_EndocrineMetabolic_batch1/MVP_R4.1000G_AGR.Phe_244.EUR.GIA.dbGaP.metadata.txt","phs002453.MVP_R4.1000G_AGR.GIA.PheCodes_EndocrineMetabolic_batch1.analysis-PI.MULTI.tar","MVP_R4.1000G_AGR.Phe_244.EUR.GIA.dbGaP.metadata.txt"
"51","Phe_244_4","binary","PheCodes","Endocrine or Metabolic","Hypothyroidism NOS",441274,60573,380701,"NOT_SENSITIVE","NOT_SENSITIVE","-rw-rw-r--","huffmanj/med112",581289520,"2023-09-15","10:12","MVP_R4.1000G_AGR.GIA.PheCodes_EndocrineMetabolic_batch1/MVP_R4.1000G_AGR.Phe_244_4.EUR.GIA.dbGaP.txt.gz","phs002453.MVP_R4.1000G_AGR.GIA.PheCodes_EndocrineMetabolic_batch1.analysis-PI.MULTI.tar","MVP_R4.1000G_AGR.Phe_244_4.EUR.GIA.dbGaP.txt.gz"
"52","Phe_244_4","binary","PheCodes","Endocrine or Metabolic","Hypothyroidism NOS",441274,60573,380701,"NOT_SENSITIVE","NOT_SENSITIVE","-rw-rw-r--","huffmanj/med112",1189,"2023-09-15","10:24","MVP_R4.1000G_AGR.GIA.PheCodes_EndocrineMetabolic_batch1/MVP_R4.1000G_AGR.Phe_244_4.EUR.GIA.dbGaP.metadata.txt","phs002453.MVP_R4.1000G_AGR.GIA.PheCodes_EndocrineMetabolic_batch1.analysis-PI.MULTI.tar","MVP_R4.1000G_AGR.Phe_244_4.EUR.GIA.dbGaP.metadata.txt"
"53","Phe_250","binary","PheCodes","Endocrine or Metabolic","Diabetes mellitus",431305,154958,276347,"NOT_SENSITIVE","NOT_SENSITIVE","-rw-rw-r--","huffmanj/med112",1185,"2023-09-15","10:24","MVP_R4.1000G_AGR.GIA.PheCodes_EndocrineMetabolic_batch1/MVP_R4.1000G_AGR.Phe_250.EUR.GIA.dbGaP.metadata.txt","phs002453.MVP_R4.1000G_AGR.GIA.PheCodes_EndocrineMetabolic_batch1.analysis-PI.MULTI.tar","MVP_R4.1000G_AGR.Phe_250.EUR.GIA.dbGaP.metadata.txt"
"54","Phe_250","binary","PheCodes","Endocrine or Metabolic","Diabetes mellitus",431305,154958,276347,"NOT_SENSITIVE","NOT_SENSITIVE","-rw-rw-r--","huffmanj/med112",581506672,"2023-09-15","10:12","MVP_R4.1000G_AGR.GIA.PheCodes_EndocrineMetabolic_batch1/MVP_R4.1000G_AGR.Phe_250.EUR.GIA.dbGaP.txt.gz","phs002453.MVP_R4.1000G_AGR.GIA.PheCodes_EndocrineMetabolic_batch1.analysis-PI.MULTI.tar","MVP_R4.1000G_AGR.Phe_250.EUR.GIA.dbGaP.txt.gz"
"55","Phe_250_1","binary","PheCodes","Endocrine or Metabolic","Type 1 diabetes",435738,16971,418767,"NOT_SENSITIVE","NOT_SENSITIVE","-rw-rw-r--","huffmanj/med112",1183,"2023-09-15","10:24","MVP_R4.1000G_AGR.GIA.PheCodes_EndocrineMetabolic_batch1/MVP_R4.1000G_AGR.Phe_250_1.EUR.GIA.dbGaP.metadata.txt","phs002453.MVP_R4.1000G_AGR.GIA.PheCodes_EndocrineMetabolic_batch1.analysis-PI.MULTI.tar","MVP_R4.1000G_AGR.Phe_250_1.EUR.GIA.dbGaP.metadata.txt"
"56","Phe_250_1","binary","PheCodes","Endocrine or Metabolic","Type 1 diabetes",435738,16971,418767,"NOT_SENSITIVE","NOT_SENSITIVE","-rw-rw-r--","huffmanj/med112",591781368,"2023-09-15","10:12","MVP_R4.1000G_AGR.GIA.PheCodes_EndocrineMetabolic_batch1/MVP_R4.1000G_AGR.Phe_250_1.EUR.GIA.dbGaP.txt.gz","phs002453.MVP_R4.1000G_AGR.GIA.PheCodes_EndocrineMetabolic_batch1.analysis-PI.MULTI.tar","MVP_R4.1000G_AGR.Phe_250_1.EUR.GIA.dbGaP.txt.gz"
"57","Phe_250_2","binary","PheCodes","Endocrine or Metabolic","Type 2 diabetes",432648,154194,278454,"NOT_SENSITIVE","NOT_SENSITIVE","-rw-rw-r--","huffmanj/med112",581710824,"2023-09-15","10:12","MVP_R4.1000G_AGR.GIA.PheCodes_EndocrineMetabolic_batch1/MVP_R4.1000G_AGR.Phe_250_2.EUR.GIA.dbGaP.txt.gz","phs002453.MVP_R4.1000G_AGR.GIA.PheCodes_EndocrineMetabolic_batch1.analysis-PI.MULTI.tar","MVP_R4.1000G_AGR.Phe_250_2.EUR.GIA.dbGaP.txt.gz"
"58","Phe_250_2","binary","PheCodes","Endocrine or Metabolic","Type 2 diabetes",432648,154194,278454,"NOT_SENSITIVE","NOT_SENSITIVE","-rw-rw-r--","huffmanj/med112",1185,"2023-09-15","10:24","MVP_R4.1000G_AGR.GIA.PheCodes_EndocrineMetabolic_batch1/MVP_R4.1000G_AGR.Phe_250_2.EUR.GIA.dbGaP.metadata.txt","phs002453.MVP_R4.1000G_AGR.GIA.PheCodes_EndocrineMetabolic_batch1.analysis-PI.MULTI.tar","MVP_R4.1000G_AGR.Phe_250_2.EUR.GIA.dbGaP.metadata.txt"
"59","Phe_250_22","binary","PheCodes","Endocrine or Metabolic","Type 2 diabetes with renal manifestations",439106,25234,413872,"NOT_SENSITIVE","NOT_SENSITIVE","-rw-rw-r--","huffmanj/med112",1237,"2023-09-15","10:24","MVP_R4.1000G_AGR.GIA.PheCodes_EndocrineMetabolic_batch1/MVP_R4.1000G_AGR.Phe_250_22.EUR.GIA.dbGaP.metadata.txt","phs002453.MVP_R4.1000G_AGR.GIA.PheCodes_EndocrineMetabolic_batch1.analysis-PI.MULTI.tar","MVP_R4.1000G_AGR.Phe_250_22.EUR.GIA.dbGaP.metadata.txt"
"60","Phe_250_22","binary","PheCodes","Endocrine or Metabolic","Type 2 diabetes with renal manifestations",439106,25234,413872,"NOT_SENSITIVE","NOT_SENSITIVE","-rw-rw-r--","huffmanj/med112",588971011,"2023-09-15","10:12","MVP_R4.1000G_AGR.GIA.PheCodes_EndocrineMetabolic_batch1/MVP_R4.1000G_AGR.Phe_250_22.EUR.GIA.dbGaP.txt.gz","phs002453.MVP_R4.1000G_AGR.GIA.PheCodes_EndocrineMetabolic_batch1.analysis-PI.MULTI.tar","MVP_R4.1000G_AGR.Phe_250_22.EUR.GIA.dbGaP.txt.gz"
"61","Phe_250_23","binary","PheCodes","Endocrine or Metabolic","Type 2 diabetes with ophthalmic manifestations",431357,28561,402796,"NOT_SENSITIVE","NOT_SENSITIVE","-rw-rw-r--","huffmanj/med112",1247,"2023-09-15","10:24","MVP_R4.1000G_AGR.GIA.PheCodes_EndocrineMetabolic_batch1/MVP_R4.1000G_AGR.Phe_250_23.EUR.GIA.dbGaP.metadata.txt","phs002453.MVP_R4.1000G_AGR.GIA.PheCodes_EndocrineMetabolic_batch1.analysis-PI.MULTI.tar","MVP_R4.1000G_AGR.Phe_250_23.EUR.GIA.dbGaP.metadata.txt"
"62","Phe_250_23","binary","PheCodes","Endocrine or Metabolic","Type 2 diabetes with ophthalmic manifestations",431357,28561,402796,"NOT_SENSITIVE","NOT_SENSITIVE","-rw-rw-r--","huffmanj/med112",588551510,"2023-09-15","10:12","MVP_R4.1000G_AGR.GIA.PheCodes_EndocrineMetabolic_batch1/MVP_R4.1000G_AGR.Phe_250_23.EUR.GIA.dbGaP.txt.gz","phs002453.MVP_R4.1000G_AGR.GIA.PheCodes_EndocrineMetabolic_batch1.analysis-PI.MULTI.tar","MVP_R4.1000G_AGR.Phe_250_23.EUR.GIA.dbGaP.txt.gz"
"63","Phe_250_24","binary","PheCodes","Endocrine or Metabolic","Type 2 diabetes with neurological manifestations",434644,59205,375439,"NOT_SENSITIVE","NOT_SENSITIVE","-rw-rw-r--","huffmanj/med112",584116095,"2023-09-15","10:12","MVP_R4.1000G_AGR.GIA.PheCodes_EndocrineMetabolic_batch1/MVP_R4.1000G_AGR.Phe_250_24.EUR.GIA.dbGaP.txt.gz","phs002453.MVP_R4.1000G_AGR.GIA.PheCodes_EndocrineMetabolic_batch1.analysis-PI.MULTI.tar","MVP_R4.1000G_AGR.Phe_250_24.EUR.GIA.dbGaP.txt.gz"
"64","Phe_250_24","binary","PheCodes","Endocrine or Metabolic","Type 2 diabetes with neurological manifestations",434644,59205,375439,"NOT_SENSITIVE","NOT_SENSITIVE","-rw-rw-r--","huffmanj/med112",1251,"2023-09-15","10:24","MVP_R4.1000G_AGR.GIA.PheCodes_EndocrineMetabolic_batch1/MVP_R4.1000G_AGR.Phe_250_24.EUR.GIA.dbGaP.metadata.txt","phs002453.MVP_R4.1000G_AGR.GIA.PheCodes_EndocrineMetabolic_batch1.analysis-PI.MULTI.tar","MVP_R4.1000G_AGR.Phe_250_24.EUR.GIA.dbGaP.metadata.txt"
"65","Phe_250_4","binary","PheCodes","Endocrine or Metabolic","Abnormal glucose",408455,69640,338815,"NOT_SENSITIVE","NOT_SENSITIVE","-rw-rw-r--","huffmanj/med112",578635270,"2023-09-15","10:12","MVP_R4.1000G_AGR.GIA.PheCodes_EndocrineMetabolic_batch1/MVP_R4.1000G_AGR.Phe_250_4.EUR.GIA.dbGaP.txt.gz","phs002453.MVP_R4.1000G_AGR.GIA.PheCodes_EndocrineMetabolic_batch1.analysis-PI.MULTI.tar","MVP_R4.1000G_AGR.Phe_250_4.EUR.GIA.dbGaP.txt.gz"
"66","Phe_250_4","binary","PheCodes","Endocrine or Metabolic","Abnormal glucose",408455,69640,338815,"NOT_SENSITIVE","NOT_SENSITIVE","-rw-rw-r--","huffmanj/med112",1185,"2023-09-15","10:24","MVP_R4.1000G_AGR.GIA.PheCodes_EndocrineMetabolic_batch1/MVP_R4.1000G_AGR.Phe_250_4.EUR.GIA.dbGaP.metadata.txt","phs002453.MVP_R4.1000G_AGR.GIA.PheCodes_EndocrineMetabolic_batch1.analysis-PI.MULTI.tar","MVP_R4.1000G_AGR.Phe_250_4.EUR.GIA.dbGaP.metadata.txt"
"67","Phe_250_41","binary","PheCodes","Endocrine or Metabolic","Impaired fasting glucose",429358,40912,388446,"NOT_SENSITIVE","NOT_SENSITIVE","-rw-rw-r--","huffmanj/med112",582403293,"2023-09-15","10:12","MVP_R4.1000G_AGR.GIA.PheCodes_EndocrineMetabolic_batch1/MVP_R4.1000G_AGR.Phe_250_41.EUR.GIA.dbGaP.txt.gz","phs002453.MVP_R4.1000G_AGR.GIA.PheCodes_EndocrineMetabolic_batch1.analysis-PI.MULTI.tar","MVP_R4.1000G_AGR.Phe_250_41.EUR.GIA.dbGaP.txt.gz"
"68","Phe_250_41","binary","PheCodes","Endocrine or Metabolic","Impaired fasting glucose",429358,40912,388446,"NOT_SENSITIVE","NOT_SENSITIVE","-rw-rw-r--","huffmanj/med112",1203,"2023-09-15","10:24","MVP_R4.1000G_AGR.GIA.PheCodes_EndocrineMetabolic_batch1/MVP_R4.1000G_AGR.Phe_250_41.EUR.GIA.dbGaP.metadata.txt","phs002453.MVP_R4.1000G_AGR.GIA.PheCodes_EndocrineMetabolic_batch1.analysis-PI.MULTI.tar","MVP_R4.1000G_AGR.Phe_250_41.EUR.GIA.dbGaP.metadata.txt"
"69","Phe_250_42","binary","PheCodes","Endocrine or Metabolic","Other abnormal glucose",415414,31907,383507,"NOT_SENSITIVE","NOT_SENSITIVE","-rw-rw-r--","huffmanj/med112",584793691,"2023-09-15","10:12","MVP_R4.1000G_AGR.GIA.PheCodes_EndocrineMetabolic_batch1/MVP_R4.1000G_AGR.Phe_250_42.EUR.GIA.dbGaP.txt.gz","phs002453.MVP_R4.1000G_AGR.GIA.PheCodes_EndocrineMetabolic_batch1.analysis-PI.MULTI.tar","MVP_R4.1000G_AGR.Phe_250_42.EUR.GIA.dbGaP.txt.gz"
"70","Phe_250_42","binary","PheCodes","Endocrine or Metabolic","Other abnormal glucose",415414,31907,383507,"NOT_SENSITIVE","NOT_SENSITIVE","-rw-rw-r--","huffmanj/med112",1199,"2023-09-15","10:24","MVP_R4.1000G_AGR.GIA.PheCodes_EndocrineMetabolic_batch1/MVP_R4.1000G_AGR.Phe_250_42.EUR.GIA.dbGaP.metadata.txt","phs002453.MVP_R4.1000G_AGR.GIA.PheCodes_EndocrineMetabolic_batch1.analysis-PI.MULTI.tar","MVP_R4.1000G_AGR.Phe_250_42.EUR.GIA.dbGaP.metadata.txt"
"71","Phe_260","binary","PheCodes","Endocrine or Metabolic","Protein-calorie malnutrition",436245,13964,422281,"NOT_SENSITIVE","NOT_SENSITIVE","-rw-rw-r--","huffmanj/med112",592256338,"2023-09-15","10:12","MVP_R4.1000G_AGR.GIA.PheCodes_EndocrineMetabolic_batch1/MVP_R4.1000G_AGR.Phe_260.EUR.GIA.dbGaP.txt.gz","phs002453.MVP_R4.1000G_AGR.GIA.PheCodes_EndocrineMetabolic_batch1.analysis-PI.MULTI.tar","MVP_R4.1000G_AGR.Phe_260.EUR.GIA.dbGaP.txt.gz"
"72","Phe_260","binary","PheCodes","Endocrine or Metabolic","Protein-calorie malnutrition",436245,13964,422281,"NOT_SENSITIVE","NOT_SENSITIVE","-rw-rw-r--","huffmanj/med112",1205,"2023-09-15","10:24","MVP_R4.1000G_AGR.GIA.PheCodes_EndocrineMetabolic_batch1/MVP_R4.1000G_AGR.Phe_260.EUR.GIA.dbGaP.metadata.txt","phs002453.MVP_R4.1000G_AGR.GIA.PheCodes_EndocrineMetabolic_batch1.analysis-PI.MULTI.tar","MVP_R4.1000G_AGR.Phe_260.EUR.GIA.dbGaP.metadata.txt"
"73","Phe_261","binary","PheCodes","Endocrine or Metabolic","Vitamin deficiency",409645,90650,318995,"NOT_SENSITIVE","NOT_SENSITIVE","-rw-rw-r--","huffmanj/med112",577371880,"2023-09-15","10:13","MVP_R4.1000G_AGR.GIA.PheCodes_EndocrineMetabolic_batch2/MVP_R4.1000G_AGR.Phe_261.EUR.GIA.dbGaP.txt.gz","phs002453.MVP_R4.1000G_AGR.GIA.PheCodes_EndocrineMetabolic_batch2.analysis-PI.MULTI.tar","MVP_R4.1000G_AGR.Phe_261.EUR.GIA.dbGaP.txt.gz"
"74","Phe_261","binary","PheCodes","Endocrine or Metabolic","Vitamin deficiency",409645,90650,318995,"NOT_SENSITIVE","NOT_SENSITIVE","-rw-rw-r--","huffmanj/med112",1185,"2023-09-15","10:24","MVP_R4.1000G_AGR.GIA.PheCodes_EndocrineMetabolic_batch2/MVP_R4.1000G_AGR.Phe_261.EUR.GIA.dbGaP.metadata.txt","phs002453.MVP_R4.1000G_AGR.GIA.PheCodes_EndocrineMetabolic_batch2.analysis-PI.MULTI.tar","MVP_R4.1000G_AGR.Phe_261.EUR.GIA.dbGaP.metadata.txt"
"75","Phe_261_2","binary","PheCodes","Endocrine or Metabolic","Vitamin B-complex deficiencies",437580,21840,415740,"NOT_SENSITIVE","NOT_SENSITIVE","-rw-rw-r--","huffmanj/med112",589114405,"2023-09-15","10:29","MVP_R4.1000G_AGR.GIA.PheCodes_EndocrineMetabolic_batch2/MVP_R4.1000G_AGR.Phe_261_2.EUR.GIA.dbGaP.txt.gz","phs002453.MVP_R4.1000G_AGR.GIA.PheCodes_EndocrineMetabolic_batch2.analysis-PI.MULTI.tar","MVP_R4.1000G_AGR.Phe_261_2.EUR.GIA.dbGaP.txt.gz"
"76","Phe_261_2","binary","PheCodes","Endocrine or Metabolic","Vitamin B-complex deficiencies",437580,21840,415740,"NOT_SENSITIVE","NOT_SENSITIVE","-rw-rw-r--","huffmanj/med112",1213,"2023-09-15","10:24","MVP_R4.1000G_AGR.GIA.PheCodes_EndocrineMetabolic_batch2/MVP_R4.1000G_AGR.Phe_261_2.EUR.GIA.dbGaP.metadata.txt","phs002453.MVP_R4.1000G_AGR.GIA.PheCodes_EndocrineMetabolic_batch2.analysis-PI.MULTI.tar","MVP_R4.1000G_AGR.Phe_261_2.EUR.GIA.dbGaP.metadata.txt"
"77","Phe_261_4","binary","PheCodes","Endocrine or Metabolic","Vitamin D deficiency",414619,73425,341194,"NOT_SENSITIVE","NOT_SENSITIVE","-rw-rw-r--","huffmanj/med112",578537291,"2023-09-15","10:13","MVP_R4.1000G_AGR.GIA.PheCodes_EndocrineMetabolic_batch2/MVP_R4.1000G_AGR.Phe_261_4.EUR.GIA.dbGaP.txt.gz","phs002453.MVP_R4.1000G_AGR.GIA.PheCodes_EndocrineMetabolic_batch2.analysis-PI.MULTI.tar","MVP_R4.1000G_AGR.Phe_261_4.EUR.GIA.dbGaP.txt.gz"
"78","Phe_261_4","binary","PheCodes","Endocrine or Metabolic","Vitamin D deficiency",414619,73425,341194,"NOT_SENSITIVE","NOT_SENSITIVE","-rw-rw-r--","huffmanj/med112",1193,"2023-09-15","10:24","MVP_R4.1000G_AGR.GIA.PheCodes_EndocrineMetabolic_batch2/MVP_R4.1000G_AGR.Phe_261_4.EUR.GIA.dbGaP.metadata.txt","phs002453.MVP_R4.1000G_AGR.GIA.PheCodes_EndocrineMetabolic_batch2.analysis-PI.MULTI.tar","MVP_R4.1000G_AGR.Phe_261_4.EUR.GIA.dbGaP.metadata.txt"
"79","Phe_269","binary","PheCodes","Endocrine or Metabolic","Proteinuria",442105,10033,432072,"NOT_SENSITIVE","NOT_SENSITIVE","-rw-rw-r--","huffmanj/med112",595272326,"2023-09-15","10:13","MVP_R4.1000G_AGR.GIA.PheCodes_EndocrineMetabolic_batch2/MVP_R4.1000G_AGR.Phe_269.EUR.GIA.dbGaP.txt.gz","phs002453.MVP_R4.1000G_AGR.GIA.PheCodes_EndocrineMetabolic_batch2.analysis-PI.MULTI.tar","MVP_R4.1000G_AGR.Phe_269.EUR.GIA.dbGaP.txt.gz"
"80","Phe_269","binary","PheCodes","Endocrine or Metabolic","Proteinuria",442105,10033,432072,"NOT_SENSITIVE","NOT_SENSITIVE","-rw-rw-r--","huffmanj/med112",1171,"2023-09-15","10:24","MVP_R4.1000G_AGR.GIA.PheCodes_EndocrineMetabolic_batch2/MVP_R4.1000G_AGR.Phe_269.EUR.GIA.dbGaP.metadata.txt","phs002453.MVP_R4.1000G_AGR.GIA.PheCodes_EndocrineMetabolic_batch2.analysis-PI.MULTI.tar","MVP_R4.1000G_AGR.Phe_269.EUR.GIA.dbGaP.metadata.txt"
"81","Phe_271","binary","PheCodes","Endocrine or Metabolic","Disorders of carbohydrate transport and metabolism",438422,12349,426073,"NOT_SENSITIVE","NOT_SENSITIVE","-rw-rw-r--","huffmanj/med112",592625538,"2023-09-15","10:13","MVP_R4.1000G_AGR.GIA.PheCodes_EndocrineMetabolic_batch2/MVP_R4.1000G_AGR.Phe_271.EUR.GIA.dbGaP.txt.gz","phs002453.MVP_R4.1000G_AGR.GIA.PheCodes_EndocrineMetabolic_batch2.analysis-PI.MULTI.tar","MVP_R4.1000G_AGR.Phe_271.EUR.GIA.dbGaP.txt.gz"
"82","Phe_271","binary","PheCodes","Endocrine or Metabolic","Disorders of carbohydrate transport and metabolism",438422,12349,426073,"NOT_SENSITIVE","NOT_SENSITIVE","-rw-rw-r--","huffmanj/med112",1249,"2023-09-15","10:24","MVP_R4.1000G_AGR.GIA.PheCodes_EndocrineMetabolic_batch2/MVP_R4.1000G_AGR.Phe_271.EUR.GIA.dbGaP.metadata.txt","phs002453.MVP_R4.1000G_AGR.GIA.PheCodes_EndocrineMetabolic_batch2.analysis-PI.MULTI.tar","MVP_R4.1000G_AGR.Phe_271.EUR.GIA.dbGaP.metadata.txt"
"83","Phe_271_3","binary","PheCodes","Endocrine or Metabolic","Intestinal disaccharidase deficiencies and disaccharide malabsorption",438861,11891,426970,"NOT_SENSITIVE","NOT_SENSITIVE","-rw-rw-r--","huffmanj/med112",1291,"2023-09-15","10:24","MVP_R4.1000G_AGR.GIA.PheCodes_EndocrineMetabolic_batch2/MVP_R4.1000G_AGR.Phe_271_3.EUR.GIA.dbGaP.metadata.txt","phs002453.MVP_R4.1000G_AGR.GIA.PheCodes_EndocrineMetabolic_batch2.analysis-PI.MULTI.tar","MVP_R4.1000G_AGR.Phe_271_3.EUR.GIA.dbGaP.metadata.txt"
"84","Phe_271_3","binary","PheCodes","Endocrine or Metabolic","Intestinal disaccharidase deficiencies and disaccharide malabsorption",438861,11891,426970,"NOT_SENSITIVE","NOT_SENSITIVE","-rw-rw-r--","huffmanj/med112",593213736,"2023-09-15","10:13","MVP_R4.1000G_AGR.GIA.PheCodes_EndocrineMetabolic_batch2/MVP_R4.1000G_AGR.Phe_271_3.EUR.GIA.dbGaP.txt.gz","phs002453.MVP_R4.1000G_AGR.GIA.PheCodes_EndocrineMetabolic_batch2.analysis-PI.MULTI.tar","MVP_R4.1000G_AGR.Phe_271_3.EUR.GIA.dbGaP.txt.gz"
"85","Phe_272","binary","PheCodes","Endocrine or Metabolic","Disorders of lipoid metabolism",426570,335948,90622,"NOT_SENSITIVE","NOT_SENSITIVE","-rw-rw-r--","huffmanj/med112",578176957,"2023-09-15","10:13","MVP_R4.1000G_AGR.GIA.PheCodes_EndocrineMetabolic_batch2/MVP_R4.1000G_AGR.Phe_272.EUR.GIA.dbGaP.txt.gz","phs002453.MVP_R4.1000G_AGR.GIA.PheCodes_EndocrineMetabolic_batch2.analysis-PI.MULTI.tar","MVP_R4.1000G_AGR.Phe_272.EUR.GIA.dbGaP.txt.gz"
"86","Phe_272","binary","PheCodes","Endocrine or Metabolic","Disorders of lipoid metabolism",426570,335948,90622,"NOT_SENSITIVE","NOT_SENSITIVE","-rw-rw-r--","huffmanj/med112",1209,"2023-09-15","10:24","MVP_R4.1000G_AGR.GIA.PheCodes_EndocrineMetabolic_batch2/MVP_R4.1000G_AGR.Phe_272.EUR.GIA.dbGaP.metadata.txt","phs002453.MVP_R4.1000G_AGR.GIA.PheCodes_EndocrineMetabolic_batch2.analysis-PI.MULTI.tar","MVP_R4.1000G_AGR.Phe_272.EUR.GIA.dbGaP.metadata.txt"
"87","Phe_272_1","binary","PheCodes","Endocrine or Metabolic","Hyperlipidemia",426603,335680,90923,"NOT_SENSITIVE","NOT_SENSITIVE","-rw-rw-r--","huffmanj/med112",578439260,"2023-09-15","10:13","MVP_R4.1000G_AGR.GIA.PheCodes_EndocrineMetabolic_batch2/MVP_R4.1000G_AGR.Phe_272_1.EUR.GIA.dbGaP.txt.gz","phs002453.MVP_R4.1000G_AGR.GIA.PheCodes_EndocrineMetabolic_batch2.analysis-PI.MULTI.tar","MVP_R4.1000G_AGR.Phe_272_1.EUR.GIA.dbGaP.txt.gz"
"88","Phe_272_1","binary","PheCodes","Endocrine or Metabolic","Hyperlipidemia",426603,335680,90923,"NOT_SENSITIVE","NOT_SENSITIVE","-rw-rw-r--","huffmanj/med112",1181,"2023-09-15","10:24","MVP_R4.1000G_AGR.GIA.PheCodes_EndocrineMetabolic_batch2/MVP_R4.1000G_AGR.Phe_272_1.EUR.GIA.dbGaP.metadata.txt","phs002453.MVP_R4.1000G_AGR.GIA.PheCodes_EndocrineMetabolic_batch2.analysis-PI.MULTI.tar","MVP_R4.1000G_AGR.Phe_272_1.EUR.GIA.dbGaP.metadata.txt"
"89","Phe_272_11","binary","PheCodes","Endocrine or Metabolic","Hypercholesterolemia",417271,65795,351476,"NOT_SENSITIVE","NOT_SENSITIVE","-rw-rw-r--","huffmanj/med112",1195,"2023-09-15","10:24","MVP_R4.1000G_AGR.GIA.PheCodes_EndocrineMetabolic_batch2/MVP_R4.1000G_AGR.Phe_272_11.EUR.GIA.dbGaP.metadata.txt","phs002453.MVP_R4.1000G_AGR.GIA.PheCodes_EndocrineMetabolic_batch2.analysis-PI.MULTI.tar","MVP_R4.1000G_AGR.Phe_272_11.EUR.GIA.dbGaP.metadata.txt"
"90","Phe_272_11","binary","PheCodes","Endocrine or Metabolic","Hypercholesterolemia",417271,65795,351476,"NOT_SENSITIVE","NOT_SENSITIVE","-rw-rw-r--","huffmanj/med112",579758876,"2023-09-15","10:13","MVP_R4.1000G_AGR.GIA.PheCodes_EndocrineMetabolic_batch2/MVP_R4.1000G_AGR.Phe_272_11.EUR.GIA.dbGaP.txt.gz","phs002453.MVP_R4.1000G_AGR.GIA.PheCodes_EndocrineMetabolic_batch2.analysis-PI.MULTI.tar","MVP_R4.1000G_AGR.Phe_272_11.EUR.GIA.dbGaP.txt.gz"
"91","Phe_272_12","binary","PheCodes","Endocrine or Metabolic","Hyperglyceridemia",436724,17425,419299,"NOT_SENSITIVE","NOT_SENSITIVE","-rw-rw-r--","huffmanj/med112",591175062,"2023-09-15","10:13","MVP_R4.1000G_AGR.GIA.PheCodes_EndocrineMetabolic_batch2/MVP_R4.1000G_AGR.Phe_272_12.EUR.GIA.dbGaP.txt.gz","phs002453.MVP_R4.1000G_AGR.GIA.PheCodes_EndocrineMetabolic_batch2.analysis-PI.MULTI.tar","MVP_R4.1000G_AGR.Phe_272_12.EUR.GIA.dbGaP.txt.gz"
"92","Phe_272_12","binary","PheCodes","Endocrine or Metabolic","Hyperglyceridemia",436724,17425,419299,"NOT_SENSITIVE","NOT_SENSITIVE","-rw-rw-r--","huffmanj/med112",1189,"2023-09-15","10:24","MVP_R4.1000G_AGR.GIA.PheCodes_EndocrineMetabolic_batch2/MVP_R4.1000G_AGR.Phe_272_12.EUR.GIA.dbGaP.metadata.txt","phs002453.MVP_R4.1000G_AGR.GIA.PheCodes_EndocrineMetabolic_batch2.analysis-PI.MULTI.tar","MVP_R4.1000G_AGR.Phe_272_12.EUR.GIA.dbGaP.metadata.txt"
"93","Phe_272_13","binary","PheCodes","Endocrine or Metabolic","Mixed hyperlipidemia",413728,98406,315322,"NOT_SENSITIVE","NOT_SENSITIVE","-rw-rw-r--","huffmanj/med112",1195,"2023-09-15","10:31","MVP_R4.1000G_AGR.GIA.PheCodes_EndocrineMetabolic_batch2/MVP_R4.1000G_AGR.Phe_272_13.EUR.GIA.dbGaP.metadata.txt","phs002453.MVP_R4.1000G_AGR.GIA.PheCodes_EndocrineMetabolic_batch2.analysis-PI.MULTI.tar","MVP_R4.1000G_AGR.Phe_272_13.EUR.GIA.dbGaP.metadata.txt"
"94","Phe_272_13","binary","PheCodes","Endocrine or Metabolic","Mixed hyperlipidemia",413728,98406,315322,"NOT_SENSITIVE","NOT_SENSITIVE","-rw-rw-r--","huffmanj/med112",577447991,"2023-09-15","10:13","MVP_R4.1000G_AGR.GIA.PheCodes_EndocrineMetabolic_batch2/MVP_R4.1000G_AGR.Phe_272_13.EUR.GIA.dbGaP.txt.gz","phs002453.MVP_R4.1000G_AGR.GIA.PheCodes_EndocrineMetabolic_batch2.analysis-PI.MULTI.tar","MVP_R4.1000G_AGR.Phe_272_13.EUR.GIA.dbGaP.txt.gz"
"95","Phe_275","binary","PheCodes","Endocrine or Metabolic","Disorders of mineral metabolism",427480,24136,403344,"NOT_SENSITIVE","NOT_SENSITIVE","-rw-rw-r--","huffmanj/med112",1211,"2023-09-15","10:24","MVP_R4.1000G_AGR.GIA.PheCodes_EndocrineMetabolic_batch2/MVP_R4.1000G_AGR.Phe_275.EUR.GIA.dbGaP.metadata.txt","phs002453.MVP_R4.1000G_AGR.GIA.PheCodes_EndocrineMetabolic_batch2.analysis-PI.MULTI.tar","MVP_R4.1000G_AGR.Phe_275.EUR.GIA.dbGaP.metadata.txt"
"96","Phe_275","binary","PheCodes","Endocrine or Metabolic","Disorders of mineral metabolism",427480,24136,403344,"NOT_SENSITIVE","NOT_SENSITIVE","-rw-rw-r--","huffmanj/med112",587322380,"2023-09-15","10:13","MVP_R4.1000G_AGR.GIA.PheCodes_EndocrineMetabolic_batch2/MVP_R4.1000G_AGR.Phe_275.EUR.GIA.dbGaP.txt.gz","phs002453.MVP_R4.1000G_AGR.GIA.PheCodes_EndocrineMetabolic_batch2.analysis-PI.MULTI.tar","MVP_R4.1000G_AGR.Phe_275.EUR.GIA.dbGaP.txt.gz"
"97","Phe_276","binary","PheCodes","Endocrine or Metabolic","Disorders of fluid, electrolyte, and acid-based balance",398139,74426,323713,"NOT_SENSITIVE","NOT_SENSITIVE","-rw-rw-r--","huffmanj/med112",579857296,"2023-09-15","10:13","MVP_R4.1000G_AGR.GIA.PheCodes_EndocrineMetabolic_batch2/MVP_R4.1000G_AGR.Phe_276.EUR.GIA.dbGaP.txt.gz","phs002453.MVP_R4.1000G_AGR.GIA.PheCodes_EndocrineMetabolic_batch2.analysis-PI.MULTI.tar","MVP_R4.1000G_AGR.Phe_276.EUR.GIA.dbGaP.txt.gz"
"98","Phe_276","binary","PheCodes","Endocrine or Metabolic","Disorders of fluid, electrolyte, and acid-based balance",398139,74426,323713,"NOT_SENSITIVE","NOT_SENSITIVE","-rw-rw-r--","huffmanj/med112",1259,"2023-09-15","10:24","MVP_R4.1000G_AGR.GIA.PheCodes_EndocrineMetabolic_batch2/MVP_R4.1000G_AGR.Phe_276.EUR.GIA.dbGaP.metadata.txt","phs002453.MVP_R4.1000G_AGR.GIA.PheCodes_EndocrineMetabolic_batch2.analysis-PI.MULTI.tar","MVP_R4.1000G_AGR.Phe_276.EUR.GIA.dbGaP.metadata.txt"
"99","Phe_276_1","binary","PheCodes","Endocrine or Metabolic","Electrolyte imbalance",408039,55646,352393,"NOT_SENSITIVE","NOT_SENSITIVE","-rw-rw-r--","huffmanj/med112",1195,"2023-09-15","10:24","MVP_R4.1000G_AGR.GIA.PheCodes_EndocrineMetabolic_batch2/MVP_R4.1000G_AGR.Phe_276_1.EUR.GIA.dbGaP.metadata.txt","phs002453.MVP_R4.1000G_AGR.GIA.PheCodes_EndocrineMetabolic_batch2.analysis-PI.MULTI.tar","MVP_R4.1000G_AGR.Phe_276_1.EUR.GIA.dbGaP.metadata.txt"
"100","Phe_276_1","binary","PheCodes","Endocrine or Metabolic","Electrolyte imbalance",408039,55646,352393,"NOT_SENSITIVE","NOT_SENSITIVE","-rw-rw-r--","huffmanj/med112",581612968,"2023-09-15","10:13","MVP_R4.1000G_AGR.GIA.PheCodes_EndocrineMetabolic_batch2/MVP_R4.1000G_AGR.Phe_276_1.EUR.GIA.dbGaP.txt.gz","phs002453.MVP_R4.1000G_AGR.GIA.PheCodes_EndocrineMetabolic_batch2.analysis-PI.MULTI.tar","MVP_R4.1000G_AGR.Phe_276_1.EUR.GIA.dbGaP.txt.gz"
"101","Phe_276_12","binary","PheCodes","Endocrine or Metabolic","Hyposmolality and/or hyponatremia",433207,17144,416063,"NOT_SENSITIVE","NOT_SENSITIVE","-rw-rw-r--","huffmanj/med112",590993303,"2023-09-15","10:13","MVP_R4.1000G_AGR.GIA.PheCodes_EndocrineMetabolic_batch2/MVP_R4.1000G_AGR.Phe_276_12.EUR.GIA.dbGaP.txt.gz","phs002453.MVP_R4.1000G_AGR.GIA.PheCodes_EndocrineMetabolic_batch2.analysis-PI.MULTI.tar","MVP_R4.1000G_AGR.Phe_276_12.EUR.GIA.dbGaP.txt.gz"
"102","Phe_276_12","binary","PheCodes","Endocrine or Metabolic","Hyposmolality and/or hyponatremia",433207,17144,416063,"NOT_SENSITIVE","NOT_SENSITIVE","-rw-rw-r--","huffmanj/med112",1221,"2023-09-15","10:24","MVP_R4.1000G_AGR.GIA.PheCodes_EndocrineMetabolic_batch2/MVP_R4.1000G_AGR.Phe_276_12.EUR.GIA.dbGaP.metadata.txt","phs002453.MVP_R4.1000G_AGR.GIA.PheCodes_EndocrineMetabolic_batch2.analysis-PI.MULTI.tar","MVP_R4.1000G_AGR.Phe_276_12.EUR.GIA.dbGaP.metadata.txt"
"103","Phe_276_13","binary","PheCodes","Endocrine or Metabolic","Hyperpotassemia",432367,17226,415141,"NOT_SENSITIVE","NOT_SENSITIVE","-rw-rw-r--","huffmanj/med112",1185,"2023-09-15","10:24","MVP_R4.1000G_AGR.GIA.PheCodes_EndocrineMetabolic_batch2/MVP_R4.1000G_AGR.Phe_276_13.EUR.GIA.dbGaP.metadata.txt","phs002453.MVP_R4.1000G_AGR.GIA.PheCodes_EndocrineMetabolic_batch2.analysis-PI.MULTI.tar","MVP_R4.1000G_AGR.Phe_276_13.EUR.GIA.dbGaP.metadata.txt"
"104","Phe_276_13","binary","PheCodes","Endocrine or Metabolic","Hyperpotassemia",432367,17226,415141,"NOT_SENSITIVE","NOT_SENSITIVE","-rw-rw-r--","huffmanj/med112",590920431,"2023-09-15","10:13","MVP_R4.1000G_AGR.GIA.PheCodes_EndocrineMetabolic_batch2/MVP_R4.1000G_AGR.Phe_276_13.EUR.GIA.dbGaP.txt.gz","phs002453.MVP_R4.1000G_AGR.GIA.PheCodes_EndocrineMetabolic_batch2.analysis-PI.MULTI.tar","MVP_R4.1000G_AGR.Phe_276_13.EUR.GIA.dbGaP.txt.gz"
"105","Phe_276_14","binary","PheCodes","Endocrine or Metabolic","Hypopotassemia",425737,23659,402078,"NOT_SENSITIVE","NOT_SENSITIVE","-rw-rw-r--","huffmanj/med112",588251977,"2023-09-15","10:13","MVP_R4.1000G_AGR.GIA.PheCodes_EndocrineMetabolic_batch2/MVP_R4.1000G_AGR.Phe_276_14.EUR.GIA.dbGaP.txt.gz","phs002453.MVP_R4.1000G_AGR.GIA.PheCodes_EndocrineMetabolic_batch2.analysis-PI.MULTI.tar","MVP_R4.1000G_AGR.Phe_276_14.EUR.GIA.dbGaP.txt.gz"
"106","Phe_276_14","binary","PheCodes","Endocrine or Metabolic","Hypopotassemia",425737,23659,402078,"NOT_SENSITIVE","NOT_SENSITIVE","-rw-rw-r--","huffmanj/med112",1183,"2023-09-15","10:24","MVP_R4.1000G_AGR.GIA.PheCodes_EndocrineMetabolic_batch2/MVP_R4.1000G_AGR.Phe_276_14.EUR.GIA.dbGaP.metadata.txt","phs002453.MVP_R4.1000G_AGR.GIA.PheCodes_EndocrineMetabolic_batch2.analysis-PI.MULTI.tar","MVP_R4.1000G_AGR.Phe_276_14.EUR.GIA.dbGaP.metadata.txt"
"107","Phe_276_4","binary","PheCodes","Endocrine or Metabolic","Acid-base balance disorder",434483,10439,424044,"NOT_SENSITIVE","NOT_SENSITIVE","-rw-rw-r--","huffmanj/med112",595043360,"2023-09-15","10:13","MVP_R4.1000G_AGR.GIA.PheCodes_EndocrineMetabolic_batch2/MVP_R4.1000G_AGR.Phe_276_4.EUR.GIA.dbGaP.txt.gz","phs002453.MVP_R4.1000G_AGR.GIA.PheCodes_EndocrineMetabolic_batch2.analysis-PI.MULTI.tar","MVP_R4.1000G_AGR.Phe_276_4.EUR.GIA.dbGaP.txt.gz"
"108","Phe_276_4","binary","PheCodes","Endocrine or Metabolic","Acid-base balance disorder",434483,10439,424044,"NOT_SENSITIVE","NOT_SENSITIVE","-rw-rw-r--","huffmanj/med112",1205,"2023-09-15","10:24","MVP_R4.1000G_AGR.GIA.PheCodes_EndocrineMetabolic_batch2/MVP_R4.1000G_AGR.Phe_276_4.EUR.GIA.dbGaP.metadata.txt","phs002453.MVP_R4.1000G_AGR.GIA.PheCodes_EndocrineMetabolic_batch2.analysis-PI.MULTI.tar","MVP_R4.1000G_AGR.Phe_276_4.EUR.GIA.dbGaP.metadata.txt"
"109","Phe_276_5","binary","PheCodes","Endocrine or Metabolic","Hypovolemia",416568,22799,393769,"NOT_SENSITIVE","NOT_SENSITIVE","-rw-rw-r--","huffmanj/med112",1175,"2023-09-15","10:24","MVP_R4.1000G_AGR.GIA.PheCodes_EndocrineMetabolic_batch2/MVP_R4.1000G_AGR.Phe_276_5.EUR.GIA.dbGaP.metadata.txt","phs002453.MVP_R4.1000G_AGR.GIA.PheCodes_EndocrineMetabolic_batch2.analysis-PI.MULTI.tar","MVP_R4.1000G_AGR.Phe_276_5.EUR.GIA.dbGaP.metadata.txt"
"110","Phe_276_5","binary","PheCodes","Endocrine or Metabolic","Hypovolemia",416568,22799,393769,"NOT_SENSITIVE","NOT_SENSITIVE","-rw-rw-r--","huffmanj/med112",588174406,"2023-09-15","10:13","MVP_R4.1000G_AGR.GIA.PheCodes_EndocrineMetabolic_batch2/MVP_R4.1000G_AGR.Phe_276_5.EUR.GIA.dbGaP.txt.gz","phs002453.MVP_R4.1000G_AGR.GIA.PheCodes_EndocrineMetabolic_batch2.analysis-PI.MULTI.tar","MVP_R4.1000G_AGR.Phe_276_5.EUR.GIA.dbGaP.txt.gz"
"111","Phe_278","binary","PheCodes","Endocrine or Metabolic","Overweight, obesity and other hyperalimentation",406236,187880,218356,"NOT_SENSITIVE","NOT_SENSITIVE","-rw-rw-r--","huffmanj/med112",1245,"2023-09-15","10:24","MVP_R4.1000G_AGR.GIA.PheCodes_EndocrineMetabolic_batch2/MVP_R4.1000G_AGR.Phe_278.EUR.GIA.dbGaP.metadata.txt","phs002453.MVP_R4.1000G_AGR.GIA.PheCodes_EndocrineMetabolic_batch2.analysis-PI.MULTI.tar","MVP_R4.1000G_AGR.Phe_278.EUR.GIA.dbGaP.metadata.txt"
"112","Phe_278","binary","PheCodes","Endocrine or Metabolic","Overweight, obesity and other hyperalimentation",406236,187880,218356,"NOT_SENSITIVE","NOT_SENSITIVE","-rw-rw-r--","huffmanj/med112",578043876,"2023-09-15","10:14","MVP_R4.1000G_AGR.GIA.PheCodes_EndocrineMetabolic_batch2/MVP_R4.1000G_AGR.Phe_278.EUR.GIA.dbGaP.txt.gz","phs002453.MVP_R4.1000G_AGR.GIA.PheCodes_EndocrineMetabolic_batch2.analysis-PI.MULTI.tar","MVP_R4.1000G_AGR.Phe_278.EUR.GIA.dbGaP.txt.gz"
"113","Phe_278_1","binary","PheCodes","Endocrine or Metabolic","Obesity",413854,169600,244254,"NOT_SENSITIVE","NOT_SENSITIVE","-rw-rw-r--","huffmanj/med112",1169,"2023-09-15","10:24","MVP_R4.1000G_AGR.GIA.PheCodes_EndocrineMetabolic_batch2/MVP_R4.1000G_AGR.Phe_278_1.EUR.GIA.dbGaP.metadata.txt","phs002453.MVP_R4.1000G_AGR.GIA.PheCodes_EndocrineMetabolic_batch2.analysis-PI.MULTI.tar","MVP_R4.1000G_AGR.Phe_278_1.EUR.GIA.dbGaP.metadata.txt"
"114","Phe_278_1","binary","PheCodes","Endocrine or Metabolic","Obesity",413854,169600,244254,"NOT_SENSITIVE","NOT_SENSITIVE","-rw-rw-r--","huffmanj/med112",579287275,"2023-09-15","10:14","MVP_R4.1000G_AGR.GIA.PheCodes_EndocrineMetabolic_batch2/MVP_R4.1000G_AGR.Phe_278_1.EUR.GIA.dbGaP.txt.gz","phs002453.MVP_R4.1000G_AGR.GIA.PheCodes_EndocrineMetabolic_batch2.analysis-PI.MULTI.tar","MVP_R4.1000G_AGR.Phe_278_1.EUR.GIA.dbGaP.txt.gz"
"115","Phe_278_11","binary","PheCodes","Endocrine or Metabolic","Morbid obesity",431717,45933,385784,"NOT_SENSITIVE","NOT_SENSITIVE","-rw-rw-r--","huffmanj/med112",585477413,"2023-09-15","10:14","MVP_R4.1000G_AGR.GIA.PheCodes_EndocrineMetabolic_batch2/MVP_R4.1000G_AGR.Phe_278_11.EUR.GIA.dbGaP.txt.gz","phs002453.MVP_R4.1000G_AGR.GIA.PheCodes_EndocrineMetabolic_batch2.analysis-PI.MULTI.tar","MVP_R4.1000G_AGR.Phe_278_11.EUR.GIA.dbGaP.txt.gz"
"116","Phe_278_11","binary","PheCodes","Endocrine or Metabolic","Morbid obesity",431717,45933,385784,"NOT_SENSITIVE","NOT_SENSITIVE","-rw-rw-r--","huffmanj/med112",1183,"2023-09-15","10:24","MVP_R4.1000G_AGR.GIA.PheCodes_EndocrineMetabolic_batch2/MVP_R4.1000G_AGR.Phe_278_11.EUR.GIA.dbGaP.metadata.txt","phs002453.MVP_R4.1000G_AGR.GIA.PheCodes_EndocrineMetabolic_batch2.analysis-PI.MULTI.tar","MVP_R4.1000G_AGR.Phe_278_11.EUR.GIA.dbGaP.metadata.txt"
"117","Phe_530","binary","PheCodes","Digestive System","Diseases of esophagus",413308,189441,223867,"NOT_SENSITIVE","NOT_SENSITIVE","-rw-rw-r--","huffmanj/med112",1193,"2023-08-22","13:16","MVP_R4.1000G_AGR.GIA.PheCodes_DigestiveSystem_batch1/MVP_R4.1000G_AGR.Phe_530.EUR.GIA.dbGaP.metadata.txt","phs002453.MVP_R4.1000G_AGR.GIA.PheCodes_DigestiveSystem_batch1.analysis-PI.MULTI.tar","MVP_R4.1000G_AGR.Phe_530.EUR.GIA.dbGaP.metadata.txt"
"118","Phe_530","binary","PheCodes","Digestive System","Diseases of esophagus",413308,189441,223867,"NOT_SENSITIVE","NOT_SENSITIVE","-rw-rw-r--","huffmanj/med112",577421525,"2023-08-22","13:15","MVP_R4.1000G_AGR.GIA.PheCodes_DigestiveSystem_batch1/MVP_R4.1000G_AGR.Phe_530.EUR.GIA.dbGaP.txt.gz","phs002453.MVP_R4.1000G_AGR.GIA.PheCodes_DigestiveSystem_batch1.analysis-PI.MULTI.tar","MVP_R4.1000G_AGR.Phe_530.EUR.GIA.dbGaP.txt.gz"
"119","Phe_530_1","binary","PheCodes","Digestive System","Esophagitis, GERD and related diseases",413414,185368,228046,"NOT_SENSITIVE","NOT_SENSITIVE","-rw-rw-r--","huffmanj/med112",577581789,"2023-08-22","13:15","MVP_R4.1000G_AGR.GIA.PheCodes_DigestiveSystem_batch1/MVP_R4.1000G_AGR.Phe_530_1.EUR.GIA.dbGaP.txt.gz","phs002453.MVP_R4.1000G_AGR.GIA.PheCodes_DigestiveSystem_batch1.analysis-PI.MULTI.tar","MVP_R4.1000G_AGR.Phe_530_1.EUR.GIA.dbGaP.txt.gz"
"120","Phe_530_1","binary","PheCodes","Digestive System","Esophagitis, GERD and related diseases",413414,185368,228046,"NOT_SENSITIVE","NOT_SENSITIVE","-rw-rw-r--","huffmanj/med112",1231,"2023-08-22","13:16","MVP_R4.1000G_AGR.GIA.PheCodes_DigestiveSystem_batch1/MVP_R4.1000G_AGR.Phe_530_1.EUR.GIA.dbGaP.metadata.txt","phs002453.MVP_R4.1000G_AGR.GIA.PheCodes_DigestiveSystem_batch1.analysis-PI.MULTI.tar","MVP_R4.1000G_AGR.Phe_530_1.EUR.GIA.dbGaP.metadata.txt"
"121","Phe_530_11","binary","PheCodes","Digestive System","GERD",412728,175991,236737,"NOT_SENSITIVE","NOT_SENSITIVE","-rw-rw-r--","huffmanj/med112",1165,"2023-08-22","13:16","MVP_R4.1000G_AGR.GIA.PheCodes_DigestiveSystem_batch1/MVP_R4.1000G_AGR.Phe_530_11.EUR.GIA.dbGaP.metadata.txt","phs002453.MVP_R4.1000G_AGR.GIA.PheCodes_DigestiveSystem_batch1.analysis-PI.MULTI.tar","MVP_R4.1000G_AGR.Phe_530_11.EUR.GIA.dbGaP.metadata.txt"
"122","Phe_530_11","binary","PheCodes","Digestive System","GERD",412728,175991,236737,"NOT_SENSITIVE","NOT_SENSITIVE","-rw-rw-r--","huffmanj/med112",577581711,"2023-08-22","13:15","MVP_R4.1000G_AGR.GIA.PheCodes_DigestiveSystem_batch1/MVP_R4.1000G_AGR.Phe_530_11.EUR.GIA.dbGaP.txt.gz","phs002453.MVP_R4.1000G_AGR.GIA.PheCodes_DigestiveSystem_batch1.analysis-PI.MULTI.tar","MVP_R4.1000G_AGR.Phe_530_11.EUR.GIA.dbGaP.txt.gz"
"123","Phe_530_13","binary","PheCodes","Digestive System","Barrett's esophagus",446841,14584,432257,"NOT_SENSITIVE","NOT_SENSITIVE","-rw-rw-r--","huffmanj/med112",592543579,"2023-08-22","13:15","MVP_R4.1000G_AGR.GIA.PheCodes_DigestiveSystem_batch1/MVP_R4.1000G_AGR.Phe_530_13.EUR.GIA.dbGaP.txt.gz","phs002453.MVP_R4.1000G_AGR.GIA.PheCodes_DigestiveSystem_batch1.analysis-PI.MULTI.tar","MVP_R4.1000G_AGR.Phe_530_13.EUR.GIA.dbGaP.txt.gz"
"124","Phe_530_13","binary","PheCodes","Digestive System","Barrett's esophagus",446841,14584,432257,"NOT_SENSITIVE","NOT_SENSITIVE","-rw-rw-r--","huffmanj/med112",1193,"2023-08-22","13:16","MVP_R4.1000G_AGR.GIA.PheCodes_DigestiveSystem_batch1/MVP_R4.1000G_AGR.Phe_530_13.EUR.GIA.dbGaP.metadata.txt","phs002453.MVP_R4.1000G_AGR.GIA.PheCodes_DigestiveSystem_batch1.analysis-PI.MULTI.tar","MVP_R4.1000G_AGR.Phe_530_13.EUR.GIA.dbGaP.metadata.txt"
"125","Phe_530_14","binary","PheCodes","Digestive System","Reflux esophagitis",433166,15549,417617,"NOT_SENSITIVE","NOT_SENSITIVE","-rw-rw-r--","huffmanj/med112",590959505,"2023-08-22","13:15","MVP_R4.1000G_AGR.GIA.PheCodes_DigestiveSystem_batch1/MVP_R4.1000G_AGR.Phe_530_14.EUR.GIA.dbGaP.txt.gz","phs002453.MVP_R4.1000G_AGR.GIA.PheCodes_DigestiveSystem_batch1.analysis-PI.MULTI.tar","MVP_R4.1000G_AGR.Phe_530_14.EUR.GIA.dbGaP.txt.gz"
"126","Phe_530_14","binary","PheCodes","Digestive System","Reflux esophagitis",433166,15549,417617,"NOT_SENSITIVE","NOT_SENSITIVE","-rw-rw-r--","huffmanj/med112",1191,"2023-08-22","13:16","MVP_R4.1000G_AGR.GIA.PheCodes_DigestiveSystem_batch1/MVP_R4.1000G_AGR.Phe_530_14.EUR.GIA.dbGaP.metadata.txt","phs002453.MVP_R4.1000G_AGR.GIA.PheCodes_DigestiveSystem_batch1.analysis-PI.MULTI.tar","MVP_R4.1000G_AGR.Phe_530_14.EUR.GIA.dbGaP.metadata.txt"
"127","Phe_531","binary","PheCodes","Digestive System","Peptic ulcer (excl. esophageal)",438625,16413,422212,"NOT_SENSITIVE","NOT_SENSITIVE","-rw-rw-r--","huffmanj/med112",1211,"2023-08-22","13:16","MVP_R4.1000G_AGR.GIA.PheCodes_DigestiveSystem_batch1/MVP_R4.1000G_AGR.Phe_531.EUR.GIA.dbGaP.metadata.txt","phs002453.MVP_R4.1000G_AGR.GIA.PheCodes_DigestiveSystem_batch1.analysis-PI.MULTI.tar","MVP_R4.1000G_AGR.Phe_531.EUR.GIA.dbGaP.metadata.txt"
"128","Phe_531","binary","PheCodes","Digestive System","Peptic ulcer (excl. esophageal)",438625,16413,422212,"NOT_SENSITIVE","NOT_SENSITIVE","-rw-rw-r--","huffmanj/med112",590762186,"2023-08-22","13:15","MVP_R4.1000G_AGR.GIA.PheCodes_DigestiveSystem_batch1/MVP_R4.1000G_AGR.Phe_531.EUR.GIA.dbGaP.txt.gz","phs002453.MVP_R4.1000G_AGR.GIA.PheCodes_DigestiveSystem_batch1.analysis-PI.MULTI.tar","MVP_R4.1000G_AGR.Phe_531.EUR.GIA.dbGaP.txt.gz"
"129","Phe_535","binary","PheCodes","Digestive System","Gastritis and duodenitis",415784,20797,394987,"NOT_SENSITIVE","NOT_SENSITIVE","-rw-rw-r--","huffmanj/med112",588773253,"2023-08-22","13:15","MVP_R4.1000G_AGR.GIA.PheCodes_DigestiveSystem_batch1/MVP_R4.1000G_AGR.Phe_535.EUR.GIA.dbGaP.txt.gz","phs002453.MVP_R4.1000G_AGR.GIA.PheCodes_DigestiveSystem_batch1.analysis-PI.MULTI.tar","MVP_R4.1000G_AGR.Phe_535.EUR.GIA.dbGaP.txt.gz"
"130","Phe_535","binary","PheCodes","Digestive System","Gastritis and duodenitis",415784,20797,394987,"NOT_SENSITIVE","NOT_SENSITIVE","-rw-rw-r--","huffmanj/med112",1197,"2023-08-22","13:16","MVP_R4.1000G_AGR.GIA.PheCodes_DigestiveSystem_batch1/MVP_R4.1000G_AGR.Phe_535.EUR.GIA.dbGaP.metadata.txt","phs002453.MVP_R4.1000G_AGR.GIA.PheCodes_DigestiveSystem_batch1.analysis-PI.MULTI.tar","MVP_R4.1000G_AGR.Phe_535.EUR.GIA.dbGaP.metadata.txt"
"131","Phe_536","binary","PheCodes","Digestive System","Disorders of function of stomach",433042,12584,420458,"NOT_SENSITIVE","NOT_SENSITIVE","-rw-rw-r--","huffmanj/med112",593125850,"2023-08-22","13:15","MVP_R4.1000G_AGR.GIA.PheCodes_DigestiveSystem_batch1/MVP_R4.1000G_AGR.Phe_536.EUR.GIA.dbGaP.txt.gz","phs002453.MVP_R4.1000G_AGR.GIA.PheCodes_DigestiveSystem_batch1.analysis-PI.MULTI.tar","MVP_R4.1000G_AGR.Phe_536.EUR.GIA.dbGaP.txt.gz"
"132","Phe_536","binary","PheCodes","Digestive System","Disorders of function of stomach",433042,12584,420458,"NOT_SENSITIVE","NOT_SENSITIVE","-rw-rw-r--","huffmanj/med112",1213,"2023-08-22","13:16","MVP_R4.1000G_AGR.GIA.PheCodes_DigestiveSystem_batch1/MVP_R4.1000G_AGR.Phe_536.EUR.GIA.dbGaP.metadata.txt","phs002453.MVP_R4.1000G_AGR.GIA.PheCodes_DigestiveSystem_batch1.analysis-PI.MULTI.tar","MVP_R4.1000G_AGR.Phe_536.EUR.GIA.dbGaP.metadata.txt"
"133","Phe_550","binary","PheCodes","Digestive System","Abdominal hernia",416370,71035,345335,"NOT_SENSITIVE","NOT_SENSITIVE","-rw-rw-r--","huffmanj/med112",1181,"2023-08-22","13:16","MVP_R4.1000G_AGR.GIA.PheCodes_DigestiveSystem_batch1/MVP_R4.1000G_AGR.Phe_550.EUR.GIA.dbGaP.metadata.txt","phs002453.MVP_R4.1000G_AGR.GIA.PheCodes_DigestiveSystem_batch1.analysis-PI.MULTI.tar","MVP_R4.1000G_AGR.Phe_550.EUR.GIA.dbGaP.metadata.txt"
"134","Phe_550","binary","PheCodes","Digestive System","Abdominal hernia",416370,71035,345335,"NOT_SENSITIVE","NOT_SENSITIVE","-rw-rw-r--","huffmanj/med112",579871934,"2023-08-22","13:15","MVP_R4.1000G_AGR.GIA.PheCodes_DigestiveSystem_batch1/MVP_R4.1000G_AGR.Phe_550.EUR.GIA.dbGaP.txt.gz","phs002453.MVP_R4.1000G_AGR.GIA.PheCodes_DigestiveSystem_batch1.analysis-PI.MULTI.tar","MVP_R4.1000G_AGR.Phe_550.EUR.GIA.dbGaP.txt.gz"
"135","Phe_550_1","binary","PheCodes","Digestive System","Inguinal hernia",440382,30294,410088,"NOT_SENSITIVE","NOT_SENSITIVE","-rw-rw-r--","huffmanj/med112",1183,"2023-08-22","13:16","MVP_R4.1000G_AGR.GIA.PheCodes_DigestiveSystem_batch1/MVP_R4.1000G_AGR.Phe_550_1.EUR.GIA.dbGaP.metadata.txt","phs002453.MVP_R4.1000G_AGR.GIA.PheCodes_DigestiveSystem_batch1.analysis-PI.MULTI.tar","MVP_R4.1000G_AGR.Phe_550_1.EUR.GIA.dbGaP.metadata.txt"
"136","Phe_550_1","binary","PheCodes","Digestive System","Inguinal hernia",440382,30294,410088,"NOT_SENSITIVE","NOT_SENSITIVE","-rw-rw-r--","huffmanj/med112",586352075,"2023-08-22","13:15","MVP_R4.1000G_AGR.GIA.PheCodes_DigestiveSystem_batch1/MVP_R4.1000G_AGR.Phe_550_1.EUR.GIA.dbGaP.txt.gz","phs002453.MVP_R4.1000G_AGR.GIA.PheCodes_DigestiveSystem_batch1.analysis-PI.MULTI.tar","MVP_R4.1000G_AGR.Phe_550_1.EUR.GIA.dbGaP.txt.gz"
"137","Phe_550_2","binary","PheCodes","Digestive System","Diaphragmatic hernia",426458,19852,406606,"NOT_SENSITIVE","NOT_SENSITIVE","-rw-rw-r--","huffmanj/med112",1193,"2023-08-22","13:16","MVP_R4.1000G_AGR.GIA.PheCodes_DigestiveSystem_batch1/MVP_R4.1000G_AGR.Phe_550_2.EUR.GIA.dbGaP.metadata.txt","phs002453.MVP_R4.1000G_AGR.GIA.PheCodes_DigestiveSystem_batch1.analysis-PI.MULTI.tar","MVP_R4.1000G_AGR.Phe_550_2.EUR.GIA.dbGaP.metadata.txt"
"138","Phe_550_2","binary","PheCodes","Digestive System","Diaphragmatic hernia",426458,19852,406606,"NOT_SENSITIVE","NOT_SENSITIVE","-rw-rw-r--","huffmanj/med112",589738041,"2023-08-22","13:15","MVP_R4.1000G_AGR.GIA.PheCodes_DigestiveSystem_batch1/MVP_R4.1000G_AGR.Phe_550_2.EUR.GIA.dbGaP.txt.gz","phs002453.MVP_R4.1000G_AGR.GIA.PheCodes_DigestiveSystem_batch1.analysis-PI.MULTI.tar","MVP_R4.1000G_AGR.Phe_550_2.EUR.GIA.dbGaP.txt.gz"
"139","Phe_550_4","binary","PheCodes","Digestive System","Umbilical hernia",443735,15292,428443,"NOT_SENSITIVE","NOT_SENSITIVE","-rw-rw-r--","huffmanj/med112",592301206,"2023-08-22","13:15","MVP_R4.1000G_AGR.GIA.PheCodes_DigestiveSystem_batch1/MVP_R4.1000G_AGR.Phe_550_4.EUR.GIA.dbGaP.txt.gz","phs002453.MVP_R4.1000G_AGR.GIA.PheCodes_DigestiveSystem_batch1.analysis-PI.MULTI.tar","MVP_R4.1000G_AGR.Phe_550_4.EUR.GIA.dbGaP.txt.gz"
"140","Phe_550_4","binary","PheCodes","Digestive System","Umbilical hernia",443735,15292,428443,"NOT_SENSITIVE","NOT_SENSITIVE","-rw-rw-r--","huffmanj/med112",1185,"2023-08-22","13:16","MVP_R4.1000G_AGR.GIA.PheCodes_DigestiveSystem_batch1/MVP_R4.1000G_AGR.Phe_550_4.EUR.GIA.dbGaP.metadata.txt","phs002453.MVP_R4.1000G_AGR.GIA.PheCodes_DigestiveSystem_batch1.analysis-PI.MULTI.tar","MVP_R4.1000G_AGR.Phe_550_4.EUR.GIA.dbGaP.metadata.txt"
"141","Phe_558","binary","PheCodes","Digestive System","Noninfectious gastroenteritis",425906,14278,411628,"NOT_SENSITIVE","NOT_SENSITIVE","-rw-rw-r--","huffmanj/med112",591906503,"2023-08-22","13:15","MVP_R4.1000G_AGR.GIA.PheCodes_DigestiveSystem_batch2/MVP_R4.1000G_AGR.Phe_558.EUR.GIA.dbGaP.txt.gz","phs002453.MVP_R4.1000G_AGR.GIA.PheCodes_DigestiveSystem_batch2.analysis-PI.MULTI.tar","MVP_R4.1000G_AGR.Phe_558.EUR.GIA.dbGaP.txt.gz"
"142","Phe_558","binary","PheCodes","Digestive System","Noninfectious gastroenteritis",425906,14278,411628,"NOT_SENSITIVE","NOT_SENSITIVE","-rw-rw-r--","huffmanj/med112",1207,"2023-08-22","13:16","MVP_R4.1000G_AGR.GIA.PheCodes_DigestiveSystem_batch2/MVP_R4.1000G_AGR.Phe_558.EUR.GIA.dbGaP.metadata.txt","phs002453.MVP_R4.1000G_AGR.GIA.PheCodes_DigestiveSystem_batch2.analysis-PI.MULTI.tar","MVP_R4.1000G_AGR.Phe_558.EUR.GIA.dbGaP.metadata.txt"
"143","Phe_560","binary","PheCodes","Digestive System","Intestinal obstruction without mention of hernia",439696,10138,429558,"NOT_SENSITIVE","NOT_SENSITIVE","-rw-rw-r--","huffmanj/med112",1245,"2023-08-22","13:16","MVP_R4.1000G_AGR.GIA.PheCodes_DigestiveSystem_batch2/MVP_R4.1000G_AGR.Phe_560.EUR.GIA.dbGaP.metadata.txt","phs002453.MVP_R4.1000G_AGR.GIA.PheCodes_DigestiveSystem_batch2.analysis-PI.MULTI.tar","MVP_R4.1000G_AGR.Phe_560.EUR.GIA.dbGaP.metadata.txt"
"144","Phe_560","binary","PheCodes","Digestive System","Intestinal obstruction without mention of hernia",439696,10138,429558,"NOT_SENSITIVE","NOT_SENSITIVE","-rw-rw-r--","huffmanj/med112",594821901,"2023-08-22","13:15","MVP_R4.1000G_AGR.GIA.PheCodes_DigestiveSystem_batch2/MVP_R4.1000G_AGR.Phe_560.EUR.GIA.dbGaP.txt.gz","phs002453.MVP_R4.1000G_AGR.GIA.PheCodes_DigestiveSystem_batch2.analysis-PI.MULTI.tar","MVP_R4.1000G_AGR.Phe_560.EUR.GIA.dbGaP.txt.gz"
"145","Phe_561","binary","PheCodes","Digestive System","Symptoms involving digestive system",397925,60074,337851,"NOT_SENSITIVE","NOT_SENSITIVE","-rw-rw-r--","huffmanj/med112",1219,"2023-08-22","13:16","MVP_R4.1000G_AGR.GIA.PheCodes_DigestiveSystem_batch2/MVP_R4.1000G_AGR.Phe_561.EUR.GIA.dbGaP.metadata.txt","phs002453.MVP_R4.1000G_AGR.GIA.PheCodes_DigestiveSystem_batch2.analysis-PI.MULTI.tar","MVP_R4.1000G_AGR.Phe_561.EUR.GIA.dbGaP.metadata.txt"
"146","Phe_561","binary","PheCodes","Digestive System","Symptoms involving digestive system",397925,60074,337851,"NOT_SENSITIVE","NOT_SENSITIVE","-rw-rw-r--","huffmanj/med112",580538986,"2023-08-22","13:15","MVP_R4.1000G_AGR.GIA.PheCodes_DigestiveSystem_batch2/MVP_R4.1000G_AGR.Phe_561.EUR.GIA.dbGaP.txt.gz","phs002453.MVP_R4.1000G_AGR.GIA.PheCodes_DigestiveSystem_batch2.analysis-PI.MULTI.tar","MVP_R4.1000G_AGR.Phe_561.EUR.GIA.dbGaP.txt.gz"
"147","Phe_561_1","binary","PheCodes","Digestive System","Diarrhea",407036,47462,359574,"NOT_SENSITIVE","NOT_SENSITIVE","-rw-rw-r--","huffmanj/med112",1169,"2023-08-22","13:16","MVP_R4.1000G_AGR.GIA.PheCodes_DigestiveSystem_batch2/MVP_R4.1000G_AGR.Phe_561_1.EUR.GIA.dbGaP.metadata.txt","phs002453.MVP_R4.1000G_AGR.GIA.PheCodes_DigestiveSystem_batch2.analysis-PI.MULTI.tar","MVP_R4.1000G_AGR.Phe_561_1.EUR.GIA.dbGaP.metadata.txt"
"148","Phe_561_1","binary","PheCodes","Digestive System","Diarrhea",407036,47462,359574,"NOT_SENSITIVE","NOT_SENSITIVE","-rw-rw-r--","huffmanj/med112",582212369,"2023-08-22","13:15","MVP_R4.1000G_AGR.GIA.PheCodes_DigestiveSystem_batch2/MVP_R4.1000G_AGR.Phe_561_1.EUR.GIA.dbGaP.txt.gz","phs002453.MVP_R4.1000G_AGR.GIA.PheCodes_DigestiveSystem_batch2.analysis-PI.MULTI.tar","MVP_R4.1000G_AGR.Phe_561_1.EUR.GIA.dbGaP.txt.gz"
"149","Phe_562","binary","PheCodes","Digestive System","Diverticulosis and diverticulitis",391654,60821,330833,"NOT_SENSITIVE","NOT_SENSITIVE","-rw-rw-r--","huffmanj/med112",1215,"2023-08-22","13:16","MVP_R4.1000G_AGR.GIA.PheCodes_DigestiveSystem_batch2/MVP_R4.1000G_AGR.Phe_562.EUR.GIA.dbGaP.metadata.txt","phs002453.MVP_R4.1000G_AGR.GIA.PheCodes_DigestiveSystem_batch2.analysis-PI.MULTI.tar","MVP_R4.1000G_AGR.Phe_562.EUR.GIA.dbGaP.metadata.txt"
"150","Phe_562","binary","PheCodes","Digestive System","Diverticulosis and diverticulitis",391654,60821,330833,"NOT_SENSITIVE","NOT_SENSITIVE","-rw-rw-r--","huffmanj/med112",582499358,"2023-08-22","13:15","MVP_R4.1000G_AGR.GIA.PheCodes_DigestiveSystem_batch2/MVP_R4.1000G_AGR.Phe_562.EUR.GIA.dbGaP.txt.gz","phs002453.MVP_R4.1000G_AGR.GIA.PheCodes_DigestiveSystem_batch2.analysis-PI.MULTI.tar","MVP_R4.1000G_AGR.Phe_562.EUR.GIA.dbGaP.txt.gz"
"151","Phe_562_1","binary","PheCodes","Digestive System","Diverticulosis",391713,53699,338014,"NOT_SENSITIVE","NOT_SENSITIVE","-rw-rw-r--","huffmanj/med112",1181,"2023-08-22","13:19","MVP_R4.1000G_AGR.GIA.PheCodes_DigestiveSystem_batch2/MVP_R4.1000G_AGR.Phe_562_1.EUR.GIA.dbGaP.metadata.txt","phs002453.MVP_R4.1000G_AGR.GIA.PheCodes_DigestiveSystem_batch2.analysis-PI.MULTI.tar","MVP_R4.1000G_AGR.Phe_562_1.EUR.GIA.dbGaP.metadata.txt"
"152","Phe_562_1","binary","PheCodes","Digestive System","Diverticulosis",391713,53699,338014,"NOT_SENSITIVE","NOT_SENSITIVE","-rw-rw-r--","huffmanj/med112",583255904,"2023-08-22","13:15","MVP_R4.1000G_AGR.GIA.PheCodes_DigestiveSystem_batch2/MVP_R4.1000G_AGR.Phe_562_1.EUR.GIA.dbGaP.txt.gz","phs002453.MVP_R4.1000G_AGR.GIA.PheCodes_DigestiveSystem_batch2.analysis-PI.MULTI.tar","MVP_R4.1000G_AGR.Phe_562_1.EUR.GIA.dbGaP.txt.gz"
"153","Phe_562_2","binary","PheCodes","Digestive System","Diverticulitis",439248,10900,428348,"NOT_SENSITIVE","NOT_SENSITIVE","-rw-rw-r--","huffmanj/med112",595311341,"2023-08-22","13:15","MVP_R4.1000G_AGR.GIA.PheCodes_DigestiveSystem_batch2/MVP_R4.1000G_AGR.Phe_562_2.EUR.GIA.dbGaP.txt.gz","phs002453.MVP_R4.1000G_AGR.GIA.PheCodes_DigestiveSystem_batch2.analysis-PI.MULTI.tar","MVP_R4.1000G_AGR.Phe_562_2.EUR.GIA.dbGaP.txt.gz"
"154","Phe_562_2","binary","PheCodes","Digestive System","Diverticulitis",439248,10900,428348,"NOT_SENSITIVE","NOT_SENSITIVE","-rw-rw-r--","huffmanj/med112",1181,"2023-08-22","13:16","MVP_R4.1000G_AGR.GIA.PheCodes_DigestiveSystem_batch2/MVP_R4.1000G_AGR.Phe_562_2.EUR.GIA.dbGaP.metadata.txt","phs002453.MVP_R4.1000G_AGR.GIA.PheCodes_DigestiveSystem_batch2.analysis-PI.MULTI.tar","MVP_R4.1000G_AGR.Phe_562_2.EUR.GIA.dbGaP.metadata.txt"
"155","Phe_563","binary","PheCodes","Digestive System","Constipation",407003,48515,358488,"NOT_SENSITIVE","NOT_SENSITIVE","-rw-rw-r--","huffmanj/med112",582632645,"2023-08-22","13:15","MVP_R4.1000G_AGR.GIA.PheCodes_DigestiveSystem_batch2/MVP_R4.1000G_AGR.Phe_563.EUR.GIA.dbGaP.txt.gz","phs002453.MVP_R4.1000G_AGR.GIA.PheCodes_DigestiveSystem_batch2.analysis-PI.MULTI.tar","MVP_R4.1000G_AGR.Phe_563.EUR.GIA.dbGaP.txt.gz"
"156","Phe_563","binary","PheCodes","Digestive System","Constipation",407003,48515,358488,"NOT_SENSITIVE","NOT_SENSITIVE","-rw-rw-r--","huffmanj/med112",1173,"2023-08-22","13:16","MVP_R4.1000G_AGR.GIA.PheCodes_DigestiveSystem_batch2/MVP_R4.1000G_AGR.Phe_563.EUR.GIA.dbGaP.metadata.txt","phs002453.MVP_R4.1000G_AGR.GIA.PheCodes_DigestiveSystem_batch2.analysis-PI.MULTI.tar","MVP_R4.1000G_AGR.Phe_563.EUR.GIA.dbGaP.metadata.txt"
"157","Phe_564","binary","PheCodes","Digestive System","Functional digestive disorders",419273,27707,391566,"NOT_SENSITIVE","NOT_SENSITIVE","-rw-rw-r--","huffmanj/med112",585804647,"2023-08-22","13:15","MVP_R4.1000G_AGR.GIA.PheCodes_DigestiveSystem_batch2/MVP_R4.1000G_AGR.Phe_564.EUR.GIA.dbGaP.txt.gz","phs002453.MVP_R4.1000G_AGR.GIA.PheCodes_DigestiveSystem_batch2.analysis-PI.MULTI.tar","MVP_R4.1000G_AGR.Phe_564.EUR.GIA.dbGaP.txt.gz"
"158","Phe_564","binary","PheCodes","Digestive System","Functional digestive disorders",419273,27707,391566,"NOT_SENSITIVE","NOT_SENSITIVE","-rw-rw-r--","huffmanj/med112",1209,"2023-08-22","13:16","MVP_R4.1000G_AGR.GIA.PheCodes_DigestiveSystem_batch2/MVP_R4.1000G_AGR.Phe_564.EUR.GIA.dbGaP.metadata.txt","phs002453.MVP_R4.1000G_AGR.GIA.PheCodes_DigestiveSystem_batch2.analysis-PI.MULTI.tar","MVP_R4.1000G_AGR.Phe_564.EUR.GIA.dbGaP.metadata.txt"
"159","Phe_564_1","binary","PheCodes","Digestive System","Irritable Bowel Syndrome",442222,14867,427355,"NOT_SENSITIVE","NOT_SENSITIVE","-rw-rw-r--","huffmanj/med112",1201,"2023-08-22","13:16","MVP_R4.1000G_AGR.GIA.PheCodes_DigestiveSystem_batch2/MVP_R4.1000G_AGR.Phe_564_1.EUR.GIA.dbGaP.metadata.txt","phs002453.MVP_R4.1000G_AGR.GIA.PheCodes_DigestiveSystem_batch2.analysis-PI.MULTI.tar","MVP_R4.1000G_AGR.Phe_564_1.EUR.GIA.dbGaP.metadata.txt"
"160","Phe_564_1","binary","PheCodes","Digestive System","Irritable Bowel Syndrome",442222,14867,427355,"NOT_SENSITIVE","NOT_SENSITIVE","-rw-rw-r--","huffmanj/med112",591539777,"2023-08-22","13:15","MVP_R4.1000G_AGR.GIA.PheCodes_DigestiveSystem_batch2/MVP_R4.1000G_AGR.Phe_564_1.EUR.GIA.dbGaP.txt.gz","phs002453.MVP_R4.1000G_AGR.GIA.PheCodes_DigestiveSystem_batch2.analysis-PI.MULTI.tar","MVP_R4.1000G_AGR.Phe_564_1.EUR.GIA.dbGaP.txt.gz"
"161","Phe_565","binary","PheCodes","Digestive System","Anal and rectal conditions",425083,14676,410407,"NOT_SENSITIVE","NOT_SENSITIVE","-rw-rw-r--","huffmanj/med112",1201,"2023-08-22","13:16","MVP_R4.1000G_AGR.GIA.PheCodes_DigestiveSystem_batch2/MVP_R4.1000G_AGR.Phe_565.EUR.GIA.dbGaP.metadata.txt","phs002453.MVP_R4.1000G_AGR.GIA.PheCodes_DigestiveSystem_batch2.analysis-PI.MULTI.tar","MVP_R4.1000G_AGR.Phe_565.EUR.GIA.dbGaP.metadata.txt"
"162","Phe_565","binary","PheCodes","Digestive System","Anal and rectal conditions",425083,14676,410407,"NOT_SENSITIVE","NOT_SENSITIVE","-rw-rw-r--","huffmanj/med112",591441456,"2023-08-22","13:16","MVP_R4.1000G_AGR.GIA.PheCodes_DigestiveSystem_batch2/MVP_R4.1000G_AGR.Phe_565.EUR.GIA.dbGaP.txt.gz","phs002453.MVP_R4.1000G_AGR.GIA.PheCodes_DigestiveSystem_batch2.analysis-PI.MULTI.tar","MVP_R4.1000G_AGR.Phe_565.EUR.GIA.dbGaP.txt.gz"
"163","Phe_571","binary","PheCodes","Digestive System","Chronic liver disease and cirrhosis",431959,30744,401215,"NOT_SENSITIVE","NOT_SENSITIVE","-rw-rw-r--","huffmanj/med112",1219,"2023-08-22","13:16","MVP_R4.1000G_AGR.GIA.PheCodes_DigestiveSystem_batch2/MVP_R4.1000G_AGR.Phe_571.EUR.GIA.dbGaP.metadata.txt","phs002453.MVP_R4.1000G_AGR.GIA.PheCodes_DigestiveSystem_batch2.analysis-PI.MULTI.tar","MVP_R4.1000G_AGR.Phe_571.EUR.GIA.dbGaP.metadata.txt"
"164","Phe_571","binary","PheCodes","Digestive System","Chronic liver disease and cirrhosis",431959,30744,401215,"NOT_SENSITIVE","NOT_SENSITIVE","-rw-rw-r--","huffmanj/med112",585902351,"2023-08-22","13:16","MVP_R4.1000G_AGR.GIA.PheCodes_DigestiveSystem_batch2/MVP_R4.1000G_AGR.Phe_571.EUR.GIA.dbGaP.txt.gz","phs002453.MVP_R4.1000G_AGR.GIA.PheCodes_DigestiveSystem_batch2.analysis-PI.MULTI.tar","MVP_R4.1000G_AGR.Phe_571.EUR.GIA.dbGaP.txt.gz"
"165","Phe_571_5","binary","PheCodes","Digestive System","Other chronic nonalcoholic liver disease",432709,29342,403367,"NOT_SENSITIVE","NOT_SENSITIVE","-rw-rw-r--","huffmanj/med112",586222042,"2023-08-22","13:16","MVP_R4.1000G_AGR.GIA.PheCodes_DigestiveSystem_batch2/MVP_R4.1000G_AGR.Phe_571_5.EUR.GIA.dbGaP.txt.gz","phs002453.MVP_R4.1000G_AGR.GIA.PheCodes_DigestiveSystem_batch2.analysis-PI.MULTI.tar","MVP_R4.1000G_AGR.Phe_571_5.EUR.GIA.dbGaP.txt.gz"
"166","Phe_571_5","binary","PheCodes","Digestive System","Other chronic nonalcoholic liver disease",432709,29342,403367,"NOT_SENSITIVE","NOT_SENSITIVE","-rw-rw-r--","huffmanj/med112",1233,"2023-08-22","13:16","MVP_R4.1000G_AGR.GIA.PheCodes_DigestiveSystem_batch2/MVP_R4.1000G_AGR.Phe_571_5.EUR.GIA.dbGaP.metadata.txt","phs002453.MVP_R4.1000G_AGR.GIA.PheCodes_DigestiveSystem_batch2.analysis-PI.MULTI.tar","MVP_R4.1000G_AGR.Phe_571_5.EUR.GIA.dbGaP.metadata.txt"
"167","Phe_571_51","binary","PheCodes","Digestive System","Cirrhosis of liver without mention of alcohol",447231,13367,433864,"NOT_SENSITIVE","NOT_SENSITIVE","-rw-rw-r--","huffmanj/med112",1245,"2023-08-22","13:16","MVP_R4.1000G_AGR.GIA.PheCodes_DigestiveSystem_batch2/MVP_R4.1000G_AGR.Phe_571_51.EUR.GIA.dbGaP.metadata.txt","phs002453.MVP_R4.1000G_AGR.GIA.PheCodes_DigestiveSystem_batch2.analysis-PI.MULTI.tar","MVP_R4.1000G_AGR.Phe_571_51.EUR.GIA.dbGaP.metadata.txt"
"168","Phe_571_51","binary","PheCodes","Digestive System","Cirrhosis of liver without mention of alcohol",447231,13367,433864,"NOT_SENSITIVE","NOT_SENSITIVE","-rw-rw-r--","huffmanj/med112",593108575,"2023-08-22","13:16","MVP_R4.1000G_AGR.GIA.PheCodes_DigestiveSystem_batch2/MVP_R4.1000G_AGR.Phe_571_51.EUR.GIA.dbGaP.txt.gz","phs002453.MVP_R4.1000G_AGR.GIA.PheCodes_DigestiveSystem_batch2.analysis-PI.MULTI.tar","MVP_R4.1000G_AGR.Phe_571_51.EUR.GIA.dbGaP.txt.gz"
"169","Phe_573_7","binary","PheCodes","Digestive System","Abnormal results of function study of liver",428257,30105,398152,"NOT_SENSITIVE","NOT_SENSITIVE","-rw-rw-r--","huffmanj/med112",1239,"2023-08-22","13:16","MVP_R4.1000G_AGR.GIA.PheCodes_DigestiveSystem_batch2/MVP_R4.1000G_AGR.Phe_573_7.EUR.GIA.dbGaP.metadata.txt","phs002453.MVP_R4.1000G_AGR.GIA.PheCodes_DigestiveSystem_batch2.analysis-PI.MULTI.tar","MVP_R4.1000G_AGR.Phe_573_7.EUR.GIA.dbGaP.metadata.txt"
"170","Phe_573_7","binary","PheCodes","Digestive System","Abnormal results of function study of liver",428257,30105,398152,"NOT_SENSITIVE","NOT_SENSITIVE","-rw-rw-r--","huffmanj/med112",585868816,"2023-08-22","13:16","MVP_R4.1000G_AGR.GIA.PheCodes_DigestiveSystem_batch2/MVP_R4.1000G_AGR.Phe_573_7.EUR.GIA.dbGaP.txt.gz","phs002453.MVP_R4.1000G_AGR.GIA.PheCodes_DigestiveSystem_batch2.analysis-PI.MULTI.tar","MVP_R4.1000G_AGR.Phe_573_7.EUR.GIA.dbGaP.txt.gz"
"171","Phe_574","binary","PheCodes","Digestive System","Cholelithiasis and cholecystitis",439813,23182,416631,"NOT_SENSITIVE","NOT_SENSITIVE","-rw-rw-r--","huffmanj/med112",1213,"2023-08-22","13:16","MVP_R4.1000G_AGR.GIA.PheCodes_DigestiveSystem_batch2/MVP_R4.1000G_AGR.Phe_574.EUR.GIA.dbGaP.metadata.txt","phs002453.MVP_R4.1000G_AGR.GIA.PheCodes_DigestiveSystem_batch2.analysis-PI.MULTI.tar","MVP_R4.1000G_AGR.Phe_574.EUR.GIA.dbGaP.metadata.txt"
"172","Phe_574","binary","PheCodes","Digestive System","Cholelithiasis and cholecystitis",439813,23182,416631,"NOT_SENSITIVE","NOT_SENSITIVE","-rw-rw-r--","huffmanj/med112",588004546,"2023-08-22","13:16","MVP_R4.1000G_AGR.GIA.PheCodes_DigestiveSystem_batch2/MVP_R4.1000G_AGR.Phe_574.EUR.GIA.dbGaP.txt.gz","phs002453.MVP_R4.1000G_AGR.GIA.PheCodes_DigestiveSystem_batch2.analysis-PI.MULTI.tar","MVP_R4.1000G_AGR.Phe_574.EUR.GIA.dbGaP.txt.gz"
"173","Phe_574_1","binary","PheCodes","Digestive System","Cholelithiasis",439607,18237,421370,"NOT_SENSITIVE","NOT_SENSITIVE","-rw-rw-r--","huffmanj/med112",590161991,"2023-08-22","13:16","MVP_R4.1000G_AGR.GIA.PheCodes_DigestiveSystem_batch2/MVP_R4.1000G_AGR.Phe_574_1.EUR.GIA.dbGaP.txt.gz","phs002453.MVP_R4.1000G_AGR.GIA.PheCodes_DigestiveSystem_batch2.analysis-PI.MULTI.tar","MVP_R4.1000G_AGR.Phe_574_1.EUR.GIA.dbGaP.txt.gz"
"174","Phe_574_1","binary","PheCodes","Digestive System","Cholelithiasis",439607,18237,421370,"NOT_SENSITIVE","NOT_SENSITIVE","-rw-rw-r--","huffmanj/med112",1181,"2023-08-22","13:16","MVP_R4.1000G_AGR.GIA.PheCodes_DigestiveSystem_batch2/MVP_R4.1000G_AGR.Phe_574_1.EUR.GIA.dbGaP.metadata.txt","phs002453.MVP_R4.1000G_AGR.GIA.PheCodes_DigestiveSystem_batch2.analysis-PI.MULTI.tar","MVP_R4.1000G_AGR.Phe_574_1.EUR.GIA.dbGaP.metadata.txt"
"175","Phe_577","binary","PheCodes","Digestive System","Diseases of pancreas",444440,12564,431876,"NOT_SENSITIVE","NOT_SENSITIVE","-rw-rw-r--","huffmanj/med112",1189,"2023-08-22","13:16","MVP_R4.1000G_AGR.GIA.PheCodes_DigestiveSystem_batch2/MVP_R4.1000G_AGR.Phe_577.EUR.GIA.dbGaP.metadata.txt","phs002453.MVP_R4.1000G_AGR.GIA.PheCodes_DigestiveSystem_batch2.analysis-PI.MULTI.tar","MVP_R4.1000G_AGR.Phe_577.EUR.GIA.dbGaP.metadata.txt"
"176","Phe_577","binary","PheCodes","Digestive System","Diseases of pancreas",444440,12564,431876,"NOT_SENSITIVE","NOT_SENSITIVE","-rw-rw-r--","huffmanj/med112",593172275,"2023-08-22","13:16","MVP_R4.1000G_AGR.GIA.PheCodes_DigestiveSystem_batch2/MVP_R4.1000G_AGR.Phe_577.EUR.GIA.dbGaP.txt.gz","phs002453.MVP_R4.1000G_AGR.GIA.PheCodes_DigestiveSystem_batch2.analysis-PI.MULTI.tar","MVP_R4.1000G_AGR.Phe_577.EUR.GIA.dbGaP.txt.gz"
"177","Phe_578","binary","PheCodes","Digestive System","Gastrointestinal hemorrhage",414123,47936,366187,"NOT_SENSITIVE","NOT_SENSITIVE","-rw-rw-r--","huffmanj/med112",1203,"2023-08-22","13:16","MVP_R4.1000G_AGR.GIA.PheCodes_DigestiveSystem_batch2/MVP_R4.1000G_AGR.Phe_578.EUR.GIA.dbGaP.metadata.txt","phs002453.MVP_R4.1000G_AGR.GIA.PheCodes_DigestiveSystem_batch2.analysis-PI.MULTI.tar","MVP_R4.1000G_AGR.Phe_578.EUR.GIA.dbGaP.metadata.txt"
"178","Phe_578","binary","PheCodes","Digestive System","Gastrointestinal hemorrhage",414123,47936,366187,"NOT_SENSITIVE","NOT_SENSITIVE","-rw-rw-r--","huffmanj/med112",582235911,"2023-08-22","13:16","MVP_R4.1000G_AGR.GIA.PheCodes_DigestiveSystem_batch2/MVP_R4.1000G_AGR.Phe_578.EUR.GIA.dbGaP.txt.gz","phs002453.MVP_R4.1000G_AGR.GIA.PheCodes_DigestiveSystem_batch2.analysis-PI.MULTI.tar","MVP_R4.1000G_AGR.Phe_578.EUR.GIA.dbGaP.txt.gz"
"179","Phe_578_2","binary","PheCodes","Digestive System","Blood in stool",421492,21012,400480,"NOT_SENSITIVE","NOT_SENSITIVE","-rw-rw-r--","huffmanj/med112",1181,"2023-08-22","13:16","MVP_R4.1000G_AGR.GIA.PheCodes_DigestiveSystem_batch2/MVP_R4.1000G_AGR.Phe_578_2.EUR.GIA.dbGaP.metadata.txt","phs002453.MVP_R4.1000G_AGR.GIA.PheCodes_DigestiveSystem_batch2.analysis-PI.MULTI.tar","MVP_R4.1000G_AGR.Phe_578_2.EUR.GIA.dbGaP.metadata.txt"
"180","Phe_578_2","binary","PheCodes","Digestive System","Blood in stool",421492,21012,400480,"NOT_SENSITIVE","NOT_SENSITIVE","-rw-rw-r--","huffmanj/med112",588916700,"2023-08-22","13:16","MVP_R4.1000G_AGR.GIA.PheCodes_DigestiveSystem_batch2/MVP_R4.1000G_AGR.Phe_578_2.EUR.GIA.dbGaP.txt.gz","phs002453.MVP_R4.1000G_AGR.GIA.PheCodes_DigestiveSystem_batch2.analysis-PI.MULTI.tar","MVP_R4.1000G_AGR.Phe_578_2.EUR.GIA.dbGaP.txt.gz"
"181","Phe_578_8","binary","PheCodes","Digestive System","Hemorrhage of rectum and anus",429331,14212,415119,"NOT_SENSITIVE","NOT_SENSITIVE","-rw-rw-r--","huffmanj/med112",591960862,"2023-08-22","13:16","MVP_R4.1000G_AGR.GIA.PheCodes_DigestiveSystem_batch2/MVP_R4.1000G_AGR.Phe_578_8.EUR.GIA.dbGaP.txt.gz","phs002453.MVP_R4.1000G_AGR.GIA.PheCodes_DigestiveSystem_batch2.analysis-PI.MULTI.tar","MVP_R4.1000G_AGR.Phe_578_8.EUR.GIA.dbGaP.txt.gz"
"182","Phe_578_8","binary","PheCodes","Digestive System","Hemorrhage of rectum and anus",429331,14212,415119,"NOT_SENSITIVE","NOT_SENSITIVE","-rw-rw-r--","huffmanj/med112",1211,"2023-08-22","13:16","MVP_R4.1000G_AGR.GIA.PheCodes_DigestiveSystem_batch2/MVP_R4.1000G_AGR.Phe_578_8.EUR.GIA.dbGaP.metadata.txt","phs002453.MVP_R4.1000G_AGR.GIA.PheCodes_DigestiveSystem_batch2.analysis-PI.MULTI.tar","MVP_R4.1000G_AGR.Phe_578_8.EUR.GIA.dbGaP.metadata.txt"
"183","Phe_578_9","binary","PheCodes","Digestive System","Hemorrhage of gastrointestinal tract",435418,14284,421134,"NOT_SENSITIVE","NOT_SENSITIVE","-rw-rw-r--","huffmanj/med112",591892568,"2023-08-22","13:16","MVP_R4.1000G_AGR.GIA.PheCodes_DigestiveSystem_batch2/MVP_R4.1000G_AGR.Phe_578_9.EUR.GIA.dbGaP.txt.gz","phs002453.MVP_R4.1000G_AGR.GIA.PheCodes_DigestiveSystem_batch2.analysis-PI.MULTI.tar","MVP_R4.1000G_AGR.Phe_578_9.EUR.GIA.dbGaP.txt.gz"
"184","Phe_578_9","binary","PheCodes","Digestive System","Hemorrhage of gastrointestinal tract",435418,14284,421134,"NOT_SENSITIVE","NOT_SENSITIVE","-rw-rw-r--","huffmanj/med112",1225,"2023-08-22","13:16","MVP_R4.1000G_AGR.GIA.PheCodes_DigestiveSystem_batch2/MVP_R4.1000G_AGR.Phe_578_9.EUR.GIA.dbGaP.metadata.txt","phs002453.MVP_R4.1000G_AGR.GIA.PheCodes_DigestiveSystem_batch2.analysis-PI.MULTI.tar","MVP_R4.1000G_AGR.Phe_578_9.EUR.GIA.dbGaP.metadata.txt"
"185","Phe_785","binary","PheCodes","Symptoms","Abdominal pain",388315,89262,299053,"NOT_SENSITIVE","NOT_SENSITIVE","-rw-rw-r--","huffmanj/med112",579442691,"2023-10-06","12:08","MVP_R4.1000G_AGR.GIA.PheCodes_Symptoms/MVP_R4.1000G_AGR.Phe_785.EUR.GIA.dbGaP.txt.gz","phs002453.MVP_R4.1000G_AGR.GIA.PheCodes_Symptoms.analysis-PI.MULTI.tar","MVP_R4.1000G_AGR.Phe_785.EUR.GIA.dbGaP.txt.gz"
"186","Phe_785","binary","PheCodes","Symptoms","Abdominal pain",388315,89262,299053,"NOT_SENSITIVE","NOT_SENSITIVE","-rw-rw-r--","huffmanj/med112",1177,"2023-10-06","12:08","MVP_R4.1000G_AGR.GIA.PheCodes_Symptoms/MVP_R4.1000G_AGR.Phe_785.EUR.GIA.dbGaP.metadata.txt","phs002453.MVP_R4.1000G_AGR.GIA.PheCodes_Symptoms.analysis-PI.MULTI.tar","MVP_R4.1000G_AGR.Phe_785.EUR.GIA.dbGaP.metadata.txt"
"187","Phe_789","binary","PheCodes","Symptoms","Nausea and vomiting",411612,30059,381553,"NOT_SENSITIVE","NOT_SENSITIVE","-rw-rw-r--","huffmanj/med112",1187,"2023-10-06","12:08","MVP_R4.1000G_AGR.GIA.PheCodes_Symptoms/MVP_R4.1000G_AGR.Phe_789.EUR.GIA.dbGaP.metadata.txt","phs002453.MVP_R4.1000G_AGR.GIA.PheCodes_Symptoms.analysis-PI.MULTI.tar","MVP_R4.1000G_AGR.Phe_789.EUR.GIA.dbGaP.metadata.txt"
"188","Phe_789","binary","PheCodes","Symptoms","Nausea and vomiting",411612,30059,381553,"NOT_SENSITIVE","NOT_SENSITIVE","-rw-rw-r--","huffmanj/med112",586435595,"2023-10-06","12:08","MVP_R4.1000G_AGR.GIA.PheCodes_Symptoms/MVP_R4.1000G_AGR.Phe_789.EUR.GIA.dbGaP.txt.gz","phs002453.MVP_R4.1000G_AGR.GIA.PheCodes_Symptoms.analysis-PI.MULTI.tar","MVP_R4.1000G_AGR.Phe_789.EUR.GIA.dbGaP.txt.gz"
"189","Sodium_BSP_Mean_INT","qt","Labs","Labs","sodium (mean, inv-norm transformed)",421240,NA,NA,"NOT_SENSITIVE","NOT_SENSITIVE","-rw-rw-r--","huffmanj/med112",482985069,"2023-10-17","12:48","MVP_R4.1000G_AGR.GIA.Labs_batch3/MVP_R4.1000G_AGR.Sodium_BSP_Mean_INT.EUR.GIA.dbGaP.txt.gz","phs002453.MVP_R4.1000G_AGR.GIA.Labs_batch3.analysis-PI.MULTI.tar","MVP_R4.1000G_AGR.Sodium_BSP_Mean_INT.EUR.GIA.dbGaP.txt.gz"
"190","Sodium_BSP_Mean_INT","qt","Labs","Labs","sodium (mean, inv-norm transformed)",421240,NA,NA,"NOT_SENSITIVE","NOT_SENSITIVE","-rw-rw-r--","huffmanj/med112",1176,"2023-10-17","12:44","MVP_R4.1000G_AGR.GIA.Labs_batch3/MVP_R4.1000G_AGR.Sodium_BSP_Mean_INT.EUR.GIA.dbGaP.metadata.txt","phs002453.MVP_R4.1000G_AGR.GIA.Labs_batch3.analysis-PI.MULTI.tar","MVP_R4.1000G_AGR.Sodium_BSP_Mean_INT.EUR.GIA.dbGaP.metadata.txt"
"191","TotChol_Mean_INT","qt","Labs","Labs","total cholesterol (mean, inv-norm transformed)",397615,NA,NA,"NOT_SENSITIVE","NOT_SENSITIVE","-rw-rw-r--","huffmanj/med112",483133187,"2023-10-17","12:48","MVP_R4.1000G_AGR.GIA.Labs_batch3/MVP_R4.1000G_AGR.TotChol_Mean_INT.EUR.GIA.dbGaP.txt.gz","phs002453.MVP_R4.1000G_AGR.GIA.Labs_batch3.analysis-PI.MULTI.tar","MVP_R4.1000G_AGR.TotChol_Mean_INT.EUR.GIA.dbGaP.txt.gz"
"192","TotChol_Mean_INT","qt","Labs","Labs","total cholesterol (mean, inv-norm transformed)",397615,NA,NA,"NOT_SENSITIVE","NOT_SENSITIVE","-rw-rw-r--","huffmanj/med112",1192,"2023-10-17","12:44","MVP_R4.1000G_AGR.GIA.Labs_batch3/MVP_R4.1000G_AGR.TotChol_Mean_INT.EUR.GIA.dbGaP.metadata.txt","phs002453.MVP_R4.1000G_AGR.GIA.Labs_batch3.analysis-PI.MULTI.tar","MVP_R4.1000G_AGR.TotChol_Mean_INT.EUR.GIA.dbGaP.metadata.txt"
"193","Trig_Mean_INT","qt","Labs","Labs","triglyceride (mean, inv-norm transformed)",391626,NA,NA,"NOT_SENSITIVE","NOT_SENSITIVE","-rw-rw-r--","huffmanj/med112",1176,"2023-10-17","12:44","MVP_R4.1000G_AGR.GIA.Labs_batch3/MVP_R4.1000G_AGR.Trig_Mean_INT.EUR.GIA.dbGaP.metadata.txt","phs002453.MVP_R4.1000G_AGR.GIA.Labs_batch3.analysis-PI.MULTI.tar","MVP_R4.1000G_AGR.Trig_Mean_INT.EUR.GIA.dbGaP.metadata.txt"
"194","Trig_Mean_INT","qt","Labs","Labs","triglyceride (mean, inv-norm transformed)",391626,NA,NA,"NOT_SENSITIVE","NOT_SENSITIVE","-rw-rw-r--","huffmanj/med112",483542339,"2023-10-17","12:48","MVP_R4.1000G_AGR.GIA.Labs_batch3/MVP_R4.1000G_AGR.Trig_Mean_INT.EUR.GIA.dbGaP.txt.gz","phs002453.MVP_R4.1000G_AGR.GIA.Labs_batch3.analysis-PI.MULTI.tar","MVP_R4.1000G_AGR.Trig_Mean_INT.EUR.GIA.dbGaP.txt.gz"
