"","Category","Enrichment","Enrichment_std_error","Enrichment_p","CI_width","Trait","Trait_label"
"1","020222_ATAC_Stim_TNFa",21.777,18.884,0.25325,37.01264,"A1C_Mean_INT","Hemoglobin a1c (N total = 338848)"
"2","020222_ATAC_Stim_UT",19.988,16.558,0.23424,32.45368,"A1C_Mean_INT","Hemoglobin a1c (N total = 338848)"
"3","ASoC_TNFa_11samp_WGS",-99.837,80.801,0.19483,158.36996,"A1C_Mean_INT","Hemoglobin a1c (N total = 338848)"
"4","ASoC_UT_11samp_WGS",6.5896,59.425,0.92344,116.473,"A1C_Mean_INT","Hemoglobin a1c (N total = 338848)"
"5","020222_ATAC_Stim_TNFa",-23.366,17.328,0.14785,33.96288,"Albumin_Mean_INT","Albumin (N total = 372962)"
"6","020222_ATAC_Stim_UT",-22.39,18.237,0.20864,35.74452,"Albumin_Mean_INT","Albumin (N total = 372962)"
"7","ASoC_TNFa_11samp_WGS",-45.712,89.484,0.61597,175.38864,"Albumin_Mean_INT","Albumin (N total = 372962)"
"8","ASoC_UT_11samp_WGS",-53.813,38.527,0.16793,75.51292,"Albumin_Mean_INT","Albumin (N total = 372962)"
"9","020222_ATAC_Stim_TNFa",50.503,36.145,0.17629,70.8442,"ALT_Mean_INT","Alanine transaminase (N total = 406803)"
"10","020222_ATAC_Stim_UT",59.924,41.443,0.15713,81.22828,"ALT_Mean_INT","Alanine transaminase (N total = 406803)"
"11","ASoC_TNFa_11samp_WGS",-99.365,55.447,0.11365,108.67612,"ALT_Mean_INT","Alanine transaminase (N total = 406803)"
"12","ASoC_UT_11samp_WGS",-110.82,74.021,0.12798,145.08116,"ALT_Mean_INT","Alanine transaminase (N total = 406803)"
"13","020222_ATAC_Stim_TNFa",31.483,27.194,0.25918,53.30024,"AST_Mean_INT","Aspartate aminotransferase (N total = 389192)"
"14","020222_ATAC_Stim_UT",31.324,29.629,0.30435,58.07284,"AST_Mean_INT","Aspartate aminotransferase (N total = 389192)"
"15","ASoC_TNFa_11samp_WGS",-103.41,64.953,0.12923,127.30788,"AST_Mean_INT","Aspartate aminotransferase (N total = 389192)"
"16","ASoC_UT_11samp_WGS",-102.71,55.886,0.078776,109.53656,"AST_Mean_INT","Aspartate aminotransferase (N total = 389192)"
"17","020222_ATAC_Stim_TNFa",12.196,18.339,0.54952,35.94444,"Bicarbonate_Mean_INT","Bicarbonate (N total = 412513)"
"18","020222_ATAC_Stim_UT",13.975,19.352,0.51105,37.92992,"Bicarbonate_Mean_INT","Bicarbonate (N total = 412513)"
"19","ASoC_TNFa_11samp_WGS",42.915,119.42,0.71958,234.0632,"Bicarbonate_Mean_INT","Bicarbonate (N total = 412513)"
"20","ASoC_UT_11samp_WGS",27.726,85.613,0.75314,167.80148,"Bicarbonate_Mean_INT","Bicarbonate (N total = 412513)"
"21","020222_ATAC_Stim_TNFa",0.54901,10.518,0.96409,20.61528,"Chloride_BSP_Mean_INT","Chloride (N total = 412569)"
"22","020222_ATAC_Stim_UT",6.0117,12.057,0.64045,23.63172,"Chloride_BSP_Mean_INT","Chloride (N total = 412569)"
"23","ASoC_TNFa_11samp_WGS",-13.335,51.633,0.77892,101.20068,"Chloride_BSP_Mean_INT","Chloride (N total = 412569)"
"24","ASoC_UT_11samp_WGS",-43.422,26.693,0.058596,52.31828,"Chloride_BSP_Mean_INT","Chloride (N total = 412569)"
"25","020222_ATAC_Stim_TNFa",24.263,15.828,0.11089,31.02288,"CircChol","High cholesterol (N cases = 176604, N controls = 139064)"
"26","020222_ATAC_Stim_UT",20.716,21.357,0.33911,41.85972,"CircChol","High cholesterol (N cases = 176604, N controls = 139064)"
"27","ASoC_TNFa_11samp_WGS",-26.377,90.483,0.7585,177.34668,"CircChol","High cholesterol (N cases = 176604, N controls = 139064)"
"28","ASoC_UT_11samp_WGS",26.273,121.8,0.83521,238.728,"CircChol","High cholesterol (N cases = 176604, N controls = 139064)"
"29","020222_ATAC_Stim_TNFa",25.291,18.493,0.18015,36.24628,"DoDM","Diabetes / ""sugar"" (N cases = 80160, N controls = 235508)"
"30","020222_ATAC_Stim_UT",46.459,22.101,0.03195,43.31796,"DoDM","Diabetes / ""sugar"" (N cases = 80160, N controls = 235508)"
"31","ASoC_TNFa_11samp_WGS",141.87,117.63,0.22132,230.5548,"DoDM","Diabetes / ""sugar"" (N cases = 80160, N controls = 235508)"
"32","ASoC_UT_11samp_WGS",-87.291,49.471,0.091815,96.96316,"DoDM","Diabetes / ""sugar"" (N cases = 80160, N controls = 235508)"
"33","020222_ATAC_Stim_TNFa",-17.792,35.382,0.59516,69.34872,"DoThy","Thyroid problems (N cases = 33335, N controls = 282333)"
"34","020222_ATAC_Stim_UT",-12.347,37.966,0.72323,74.41336,"DoThy","Thyroid problems (N cases = 33335, N controls = 282333)"
"35","ASoC_TNFa_11samp_WGS",-98.887,118.48,0.40867,232.2208,"DoThy","Thyroid problems (N cases = 33335, N controls = 282333)"
"36","ASoC_UT_11samp_WGS",27.145,188.43,0.892,369.3228,"DoThy","Thyroid problems (N cases = 33335, N controls = 282333)"
"37","020222_ATAC_Stim_TNFa",-9.4645,7.6039,0.19558,14.903644,"eGFR_Mean_INT","Estimated glomerular filtration rate (N total = 398886)"
"38","020222_ATAC_Stim_UT",-7.2498,9.1482,0.37878,17.930472,"eGFR_Mean_INT","Estimated glomerular filtration rate (N total = 398886)"
"39","ASoC_TNFa_11samp_WGS",-24.128,29.446,0.37906,57.71416,"eGFR_Mean_INT","Estimated glomerular filtration rate (N total = 398886)"
"40","ASoC_UT_11samp_WGS",24.292,62.939,0.71449,123.36044,"eGFR_Mean_INT","Estimated glomerular filtration rate (N total = 398886)"
"41","020222_ATAC_Stim_TNFa",-28.248,114.22,0.76165,223.8712,"GIIBS","Irritable bowel syndrome survey result (N cases = 15794, N controls = 299874)"
"42","020222_ATAC_Stim_UT",-116.34,224.82,0.15341,440.6472,"GIIBS","Irritable bowel syndrome survey result (N cases = 15794, N controls = 299874)"
"43","ASoC_TNFa_11samp_WGS",-340.19,849.48,0.54742,1664.9808,"GIIBS","Irritable bowel syndrome survey result (N cases = 15794, N controls = 299874)"
"44","ASoC_UT_11samp_WGS",129.87,342.79,0.64509,671.8684,"GIIBS","Irritable bowel syndrome survey result (N cases = 15794, N controls = 299874)"
"45","020222_ATAC_Stim_TNFa",-283.47,615.67,0.11611,1206.7132,"GIOth","Other digestive system problems (N cases = 17700, N controls = 297968)"
"46","020222_ATAC_Stim_UT",-432,936.77,0.028774,1836.0692,"GIOth","Other digestive system problems (N cases = 17700, N controls = 297968)"
"47","ASoC_TNFa_11samp_WGS",158.16,1359.9,0.88277,2665.404,"GIOth","Other digestive system problems (N cases = 17700, N controls = 297968)"
"48","ASoC_UT_11samp_WGS",-607.22,1559.8,0.50595,3057.208,"GIOth","Other digestive system problems (N cases = 17700, N controls = 297968)"
"49","020222_ATAC_Stim_TNFa",203.07,192.93,0.017767,378.1428,"GIPolyp","Colon polyps (N cases = 73737, N controls = 241931)"
"50","020222_ATAC_Stim_UT",122.71,133.81,0.14208,262.2676,"GIPolyp","Colon polyps (N cases = 73737, N controls = 241931)"
"51","ASoC_TNFa_11samp_WGS",1044.2,1084.2,0.11512,2125.032,"GIPolyp","Colon polyps (N cases = 73737, N controls = 241931)"
"52","ASoC_UT_11samp_WGS",-35.901,451.71,0.92577,885.3516,"GIPolyp","Colon polyps (N cases = 73737, N controls = 241931)"
"53","020222_ATAC_Stim_TNFa",-62.104,77.742,0.22627,152.37432,"GIReflux","Acid reflux/GERD (N cases = 107942, N controls = 207726)"
"54","020222_ATAC_Stim_UT",37.567,90.349,0.5813,177.08404,"GIReflux","Acid reflux/GERD (N cases = 107942, N controls = 207726)"
"55","ASoC_TNFa_11samp_WGS",-38.312,244.35,0.8647,478.926,"GIReflux","Acid reflux/GERD (N cases = 107942, N controls = 207726)"
"56","ASoC_UT_11samp_WGS",-210.37,297.04,0.32124,582.1984,"GIReflux","Acid reflux/GERD (N cases = 107942, N controls = 207726)"
"57","020222_ATAC_Stim_TNFa",67.238,6836.1,0.87729,13398.756,"GIUlcer","Peptic ulcers (N cases = 10929, N controls = 304739)"
"58","020222_ATAC_Stim_UT",784.71,31501,0.1005,61741.96,"GIUlcer","Peptic ulcers (N cases = 10929, N controls = 304739)"
"59","ASoC_TNFa_11samp_WGS",-1157.6,90540,0.46411,177458.4,"GIUlcer","Peptic ulcers (N cases = 10929, N controls = 304739)"
"60","ASoC_UT_11samp_WGS",-772.84,25614,0.59082,50203.44,"GIUlcer","Peptic ulcers (N cases = 10929, N controls = 304739)"
"61","020222_ATAC_Stim_TNFa",-21.096,76.418,0.72507,149.77928,"Glucose_FS_Mean_INT","Glucose finger stick result (N total = 69680)"
"62","020222_ATAC_Stim_UT",-1.7042,66.545,0.96485,130.4282,"Glucose_FS_Mean_INT","Glucose finger stick result (N total = 69680)"
"63","ASoC_TNFa_11samp_WGS",303.27,449.04,0.19824,880.1184,"Glucose_FS_Mean_INT","Glucose finger stick result (N total = 69680)"
"64","ASoC_UT_11samp_WGS",-234.5,321.65,0.20717,630.434,"Glucose_FS_Mean_INT","Glucose finger stick result (N total = 69680)"
"65","020222_ATAC_Stim_TNFa",23.229,17.996,0.23338,35.27216,"Glucose_Mean_INT","Glucose (N total = 419946)"
"66","020222_ATAC_Stim_UT",35.701,25.2,0.18387,49.392,"Glucose_Mean_INT","Glucose (N total = 419946)"
"67","ASoC_TNFa_11samp_WGS",114.8,101.82,0.27319,199.5672,"Glucose_Mean_INT","Glucose (N total = 419946)"
"68","ASoC_UT_11samp_WGS",-13.688,43.198,0.73792,84.66808,"Glucose_Mean_INT","Glucose (N total = 419946)"
"69","020222_ATAC_Stim_TNFa",30.923,18.911,0.08698,37.06556,"HDLC_Mean_INT","High density lipoprotein cholesterol (N total = 404121)"
"70","020222_ATAC_Stim_UT",39.926,19.37,0.029202,37.9652,"HDLC_Mean_INT","High density lipoprotein cholesterol (N total = 404121)"
"71","ASoC_TNFa_11samp_WGS",-42.381,76.044,0.57106,149.04624,"HDLC_Mean_INT","High density lipoprotein cholesterol (N total = 404121)"
"72","ASoC_UT_11samp_WGS",61.979,86.809,0.48348,170.14564,"HDLC_Mean_INT","High density lipoprotein cholesterol (N total = 404121)"
"73","020222_ATAC_Stim_TNFa",42.504,22.226,0.033557,43.56296,"LDLC_Mean_INT","Low density lipoprotein cholesterol (N total = 404741)"
"74","020222_ATAC_Stim_UT",47.076,23.162,0.025683,45.39752,"LDLC_Mean_INT","Low density lipoprotein cholesterol (N total = 404741)"
"75","ASoC_TNFa_11samp_WGS",133.4,148.67,0.34872,291.3932,"LDLC_Mean_INT","Low density lipoprotein cholesterol (N total = 404741)"
"76","ASoC_UT_11samp_WGS",-117.81,81.297,0.15399,159.34212,"LDLC_Mean_INT","Low density lipoprotein cholesterol (N total = 404741)"
"77","020222_ATAC_Stim_TNFa",7.3658,39.292,0.86457,77.01232,"Mg_BSP_Mean_INT","Magnesium (N total = 145571)"
"78","020222_ATAC_Stim_UT",61.489,46.352,0.1989,90.84992,"Mg_BSP_Mean_INT","Magnesium (N total = 145571)"
"79","ASoC_TNFa_11samp_WGS",-280.39,261.1,0.10932,511.756,"Mg_BSP_Mean_INT","Magnesium (N total = 145571)"
"80","ASoC_UT_11samp_WGS",-117.21,216.93,0.51885,425.1828,"Mg_BSP_Mean_INT","Magnesium (N total = 145571)"
"81","020222_ATAC_Stim_TNFa",34.842,74.569,0.58805,146.15524,"Phe_153","Colorectal cancer (N cases = 10436, N controls = 436330)"
"82","020222_ATAC_Stim_UT",-8.1888,68.635,0.88803,134.5246,"Phe_153","Colorectal cancer (N cases = 10436, N controls = 436330)"
"83","ASoC_TNFa_11samp_WGS",41.859,240.69,0.86159,471.7524,"Phe_153","Colorectal cancer (N cases = 10436, N controls = 436330)"
"84","ASoC_UT_11samp_WGS",-36.708,243.05,0.8715,476.378,"Phe_153","Colorectal cancer (N cases = 10436, N controls = 436330)"
"85","020222_ATAC_Stim_TNFa",38.294,38.904,0.2478,76.25184,"Phe_208","Benign neoplasm of colon (N cases = 125095, N controls = 270155)"
"86","020222_ATAC_Stim_UT",10.363,31.794,0.76989,62.31624,"Phe_208","Benign neoplasm of colon (N cases = 125095, N controls = 270155)"
"87","ASoC_TNFa_11samp_WGS",-12.805,226.6,0.95089,444.136,"Phe_208","Benign neoplasm of colon (N cases = 125095, N controls = 270155)"
"88","ASoC_UT_11samp_WGS",250.99,355.37,0.42689,696.5252,"Phe_208","Benign neoplasm of colon (N cases = 125095, N controls = 270155)"
"89","020222_ATAC_Stim_TNFa",21.845,29.518,0.46076,57.85528,"Phe_241","Nontoxic nodular goiter (N cases = 15286, N controls = 431005)"
"90","020222_ATAC_Stim_UT",32.991,32.853,0.29783,64.39188,"Phe_241","Nontoxic nodular goiter (N cases = 15286, N controls = 431005)"
"91","ASoC_TNFa_11samp_WGS",-147.58,146.74,0.26125,287.6104,"Phe_241","Nontoxic nodular goiter (N cases = 15286, N controls = 431005)"
"92","ASoC_UT_11samp_WGS",-299.19,142.39,0.010489,279.0844,"Phe_241","Nontoxic nodular goiter (N cases = 15286, N controls = 431005)"
"93","020222_ATAC_Stim_TNFa",45.029,46.817,0.26684,91.76132,"Phe_241_1","Nontoxic uninodular goiter (N cases = 12152, N controls = 433970)"
"94","020222_ATAC_Stim_UT",71.579,58.428,0.12041,114.51888,"Phe_241_1","Nontoxic uninodular goiter (N cases = 12152, N controls = 433970)"
"95","ASoC_TNFa_11samp_WGS",-43.331,198.7,0.82776,389.452,"Phe_241_1","Nontoxic uninodular goiter (N cases = 12152, N controls = 433970)"
"96","ASoC_UT_11samp_WGS",-448.6,272.57,0.012916,534.2372,"Phe_241_1","Nontoxic uninodular goiter (N cases = 12152, N controls = 433970)"
"97","020222_ATAC_Stim_TNFa",-4.429,25.457,0.82496,49.89572,"Phe_244","Hypothyroidism (N cases = 62814, N controls = 378321)"
"98","020222_ATAC_Stim_UT",-3.8781,24.522,0.83751,48.06312,"Phe_244","Hypothyroidism (N cases = 62814, N controls = 378321)"
"99","ASoC_TNFa_11samp_WGS",-119.37,65.749,0.083001,128.86804,"Phe_244","Hypothyroidism (N cases = 62814, N controls = 378321)"
"100","ASoC_UT_11samp_WGS",-106.88,60.133,0.084576,117.86068,"Phe_244","Hypothyroidism (N cases = 62814, N controls = 378321)"
"101","020222_ATAC_Stim_TNFa",-0.79321,25.39,0.94198,49.7644,"Phe_244_4","Hypothyroidism NOS (N cases = 60573, N controls = 380701)"
"102","020222_ATAC_Stim_UT",0.97374,24.452,0.99912,47.92592,"Phe_244_4","Hypothyroidism NOS (N cases = 60573, N controls = 380701)"
"103","ASoC_TNFa_11samp_WGS",-124.24,69.549,0.084165,136.31604,"Phe_244_4","Hypothyroidism NOS (N cases = 60573, N controls = 380701)"
"104","ASoC_UT_11samp_WGS",-117.64,58.511,0.051197,114.68156,"Phe_244_4","Hypothyroidism NOS (N cases = 60573, N controls = 380701)"
"105","020222_ATAC_Stim_TNFa",14.309,14.837,0.37992,29.08052,"Phe_250","Diabetes mellitus (N cases = 154958, N controls = 276347)"
"106","020222_ATAC_Stim_UT",17.536,16.935,0.34262,33.1926,"Phe_250","Diabetes mellitus (N cases = 154958, N controls = 276347)"
"107","ASoC_TNFa_11samp_WGS",107.21,79.308,0.17082,155.44368,"Phe_250","Diabetes mellitus (N cases = 154958, N controls = 276347)"
"108","ASoC_UT_11samp_WGS",-31.074,42.054,0.4573,82.42584,"Phe_250","Diabetes mellitus (N cases = 154958, N controls = 276347)"
"109","020222_ATAC_Stim_TNFa",61.897,74.825,0.23002,146.657,"Phe_250_1","Type 1 diabetes (N cases = 16971, N controls = 418767)"
"110","020222_ATAC_Stim_UT",121.94,116.62,0.032452,228.5752,"Phe_250_1","Type 1 diabetes (N cases = 16971, N controls = 418767)"
"111","ASoC_TNFa_11samp_WGS",745.31,772.25,0.06578,1513.61,"Phe_250_1","Type 1 diabetes (N cases = 16971, N controls = 418767)"
"112","ASoC_UT_11samp_WGS",-233.72,331.65,0.41524,650.034,"Phe_250_1","Type 1 diabetes (N cases = 16971, N controls = 418767)"
"113","020222_ATAC_Stim_TNFa",15.048,15.507,0.37652,30.39372,"Phe_250_2","Type 2 diabetes (N cases = 154194, N controls = 278454)"
"114","020222_ATAC_Stim_UT",19.509,17.625,0.30877,34.545,"Phe_250_2","Type 2 diabetes (N cases = 154194, N controls = 278454)"
"115","ASoC_TNFa_11samp_WGS",112.64,80.368,0.15748,157.52128,"Phe_250_2","Type 2 diabetes (N cases = 154194, N controls = 278454)"
"116","ASoC_UT_11samp_WGS",-34.169,42.083,0.41664,82.48268,"Phe_250_2","Type 2 diabetes (N cases = 154194, N controls = 278454)"
"117","020222_ATAC_Stim_TNFa",-16.946,24.777,0.42935,48.56292,"Phe_250_22","Type 2 diabetes with renal manifestations (N cases = 25234, N controls = 413872)"
"118","020222_ATAC_Stim_UT",-22.767,25.394,0.28992,49.77224,"Phe_250_22","Type 2 diabetes with renal manifestations (N cases = 25234, N controls = 413872)"
"119","ASoC_TNFa_11samp_WGS",126.98,106.85,0.22465,209.426,"Phe_250_22","Type 2 diabetes with renal manifestations (N cases = 25234, N controls = 413872)"
"120","ASoC_UT_11samp_WGS",-155.94,79.394,0.012801,155.61224,"Phe_250_22","Type 2 diabetes with renal manifestations (N cases = 25234, N controls = 413872)"
"121","020222_ATAC_Stim_TNFa",44.389,24.864,0.10442,48.73344,"Phe_250_23","Type 2 diabetes with ophthalmic manifestations (N cases = 28561, N controls = 402796)"
"122","020222_ATAC_Stim_UT",83.942,36.835,0.031984,72.1966,"Phe_250_23","Type 2 diabetes with ophthalmic manifestations (N cases = 28561, N controls = 402796)"
"123","ASoC_TNFa_11samp_WGS",340.97,229.36,0.13021,449.5456,"Phe_250_23","Type 2 diabetes with ophthalmic manifestations (N cases = 28561, N controls = 402796)"
"124","ASoC_UT_11samp_WGS",-51.624,91.875,0.53791,180.075,"Phe_250_23","Type 2 diabetes with ophthalmic manifestations (N cases = 28561, N controls = 402796)"
"125","020222_ATAC_Stim_TNFa",26.759,14.789,0.10326,28.98644,"Phe_250_24","Type 2 diabetes with neurological manifestations (N cases = 59205, N controls = 375439)"
"126","020222_ATAC_Stim_UT",22.828,19.248,0.27906,37.72608,"Phe_250_24","Type 2 diabetes with neurological manifestations (N cases = 59205, N controls = 375439)"
"127","ASoC_TNFa_11samp_WGS",215.68,126.12,0.069948,247.1952,"Phe_250_24","Type 2 diabetes with neurological manifestations (N cases = 59205, N controls = 375439)"
"128","ASoC_UT_11samp_WGS",-38.741,48.528,0.40986,95.11488,"Phe_250_24","Type 2 diabetes with neurological manifestations (N cases = 59205, N controls = 375439)"
"129","020222_ATAC_Stim_TNFa",-84.994,301.47,0.54129,590.8812,"Phe_250_4","Abnormal glucose (N cases = 69640, N controls = 338815)"
"130","020222_ATAC_Stim_UT",-3.5643,89.958,0.95716,176.31768,"Phe_250_4","Abnormal glucose (N cases = 69640, N controls = 338815)"
"131","ASoC_TNFa_11samp_WGS",-181.46,922.58,0.76468,1808.2568,"Phe_250_4","Abnormal glucose (N cases = 69640, N controls = 338815)"
"132","ASoC_UT_11samp_WGS",505.03,1738.6,0.33736,3407.656,"Phe_250_4","Abnormal glucose (N cases = 69640, N controls = 338815)"
"133","020222_ATAC_Stim_TNFa",-521.23,62562,0.22119,122621.52,"Phe_250_41","Impaired fasting glucose (N cases = 40912, N controls = 388446)"
"134","020222_ATAC_Stim_UT",-458.69,53992,0.14909,105824.32,"Phe_250_41","Impaired fasting glucose (N cases = 40912, N controls = 388446)"
"135","ASoC_TNFa_11samp_WGS",257.81,35890,0.92377,70344.4,"Phe_250_41","Impaired fasting glucose (N cases = 40912, N controls = 388446)"
"136","ASoC_UT_11samp_WGS",3659.9,505770,0.21277,991309.2,"Phe_250_41","Impaired fasting glucose (N cases = 40912, N controls = 388446)"
"137","020222_ATAC_Stim_TNFa",-77.269,98.919,0.25314,193.88124,"Phe_250_42","Other abnormal glucose (N cases = 31907, N controls = 383507)"
"138","020222_ATAC_Stim_UT",-54.7,157.28,0.39205,308.2688,"Phe_250_42","Other abnormal glucose (N cases = 31907, N controls = 383507)"
"139","ASoC_TNFa_11samp_WGS",-478.54,1003.4,0.03363,1966.664,"Phe_250_42","Other abnormal glucose (N cases = 31907, N controls = 383507)"
"140","ASoC_UT_11samp_WGS",228.56,598.54,0.43463,1173.1384,"Phe_250_42","Other abnormal glucose (N cases = 31907, N controls = 383507)"
"141","020222_ATAC_Stim_TNFa",-38.258,50.606,0.37335,99.18776,"Phe_260","Protein-calorie malnutrition (N cases = 13964, N controls = 422281)"
"142","020222_ATAC_Stim_UT",-7.477,56.963,0.87934,111.64748,"Phe_260","Protein-calorie malnutrition (N cases = 13964, N controls = 422281)"
"143","ASoC_TNFa_11samp_WGS",670.96,599.73,0.040669,1175.4708,"Phe_260","Protein-calorie malnutrition (N cases = 13964, N controls = 422281)"
"144","ASoC_UT_11samp_WGS",1088.9,1120.9,0.10353,2196.964,"Phe_260","Protein-calorie malnutrition (N cases = 13964, N controls = 422281)"
"145","020222_ATAC_Stim_TNFa",34.202,55.652,0.52628,109.07792,"Phe_261","Vitamin deficiency (N cases = 90650, N controls = 318995)"
"146","020222_ATAC_Stim_UT",99.893,69.755,0.061092,136.7198,"Phe_261","Vitamin deficiency (N cases = 90650, N controls = 318995)"
"147","ASoC_TNFa_11samp_WGS",-112.09,163.33,0.4761,320.1268,"Phe_261","Vitamin deficiency (N cases = 90650, N controls = 318995)"
"148","ASoC_UT_11samp_WGS",-288.99,264.54,0.11599,518.4984,"Phe_261","Vitamin deficiency (N cases = 90650, N controls = 318995)"
"149","020222_ATAC_Stim_TNFa",-2060.8,652970,0.13248,1279821.2,"Phe_261_2","Vitamin b-complex deficiencies (N cases = 21840, N controls = 415740)"
"150","020222_ATAC_Stim_UT",-2172.7,665740,0.12763,1304850.4,"Phe_261_2","Vitamin b-complex deficiencies (N cases = 21840, N controls = 415740)"
"151","ASoC_TNFa_11samp_WGS",2624.5,814250,0.60497,1595930,"Phe_261_2","Vitamin b-complex deficiencies (N cases = 21840, N controls = 415740)"
"152","ASoC_UT_11samp_WGS",1243.2,348680,0.80599,683412.8,"Phe_261_2","Vitamin b-complex deficiencies (N cases = 21840, N controls = 415740)"
"153","020222_ATAC_Stim_TNFa",11.593,34.066,0.7513,66.76936,"Phe_261_4","Vitamin d deficiency (N cases = 73425, N controls = 341194)"
"154","020222_ATAC_Stim_UT",69.509,42.626,0.066073,83.54696,"Phe_261_4","Vitamin d deficiency (N cases = 73425, N controls = 341194)"
"155","ASoC_TNFa_11samp_WGS",102.59,133.22,0.41283,261.1112,"Phe_261_4","Vitamin d deficiency (N cases = 73425, N controls = 341194)"
"156","ASoC_UT_11samp_WGS",-96.954,230.82,0.63811,452.4072,"Phe_261_4","Vitamin d deficiency (N cases = 73425, N controls = 341194)"
"157","020222_ATAC_Stim_TNFa",-93.042,2688.7,0.6712,5269.852,"Phe_269","Proteinuria (N cases = 10033, N controls = 432072)"
"158","020222_ATAC_Stim_UT",248.33,4738.2,0.31315,9286.872,"Phe_269","Proteinuria (N cases = 10033, N controls = 432072)"
"159","ASoC_TNFa_11samp_WGS",2610.5,57584,0.010215,112864.64,"Phe_269","Proteinuria (N cases = 10033, N controls = 432072)"
"160","ASoC_UT_11samp_WGS",-72.976,816.32,0.92176,1599.9872,"Phe_269","Proteinuria (N cases = 10033, N controls = 432072)"
"161","020222_ATAC_Stim_TNFa",-50.886,837.1,0.72572,1640.716,"Phe_271","Disorders of carbohydrate transport and metabolism (N cases = 12349, N controls = 426073)"
"162","020222_ATAC_Stim_UT",-101.05,1999,0.41612,3918.04,"Phe_271","Disorders of carbohydrate transport and metabolism (N cases = 12349, N controls = 426073)"
"163","ASoC_TNFa_11samp_WGS",371.5,7525.8,0.64524,14750.568,"Phe_271","Disorders of carbohydrate transport and metabolism (N cases = 12349, N controls = 426073)"
"164","ASoC_UT_11samp_WGS",-818.25,17814,0.12718,34915.44,"Phe_271","Disorders of carbohydrate transport and metabolism (N cases = 12349, N controls = 426073)"
"165","020222_ATAC_Stim_TNFa",-21.123,108.15,0.81196,211.974,"Phe_271_3","Intestinal disaccharidase deficiencies and disaccharide malabsorption (N cases = 11891, N controls = 426970)"
"166","020222_ATAC_Stim_UT",-91.523,209.37,0.25791,410.3652,"Phe_271_3","Intestinal disaccharidase deficiencies and disaccharide malabsorption (N cases = 11891, N controls = 426970)"
"167","ASoC_TNFa_11samp_WGS",373.86,843.1,0.51227,1652.476,"Phe_271_3","Intestinal disaccharidase deficiencies and disaccharide malabsorption (N cases = 11891, N controls = 426970)"
"168","ASoC_UT_11samp_WGS",-693.13,1499.4,0.072222,2938.824,"Phe_271_3","Intestinal disaccharidase deficiencies and disaccharide malabsorption (N cases = 11891, N controls = 426970)"
"169","020222_ATAC_Stim_TNFa",-7.3984,16.026,0.60229,31.41096,"Phe_272","Disorders of lipoid metabolism (N cases = 335948, N controls = 90622)"
"170","020222_ATAC_Stim_UT",-4.5966,14.547,0.70195,28.51212,"Phe_272","Disorders of lipoid metabolism (N cases = 335948, N controls = 90622)"
"171","ASoC_TNFa_11samp_WGS",-36.165,79.616,0.63578,156.04736,"Phe_272","Disorders of lipoid metabolism (N cases = 335948, N controls = 90622)"
"172","ASoC_UT_11samp_WGS",51.218,74.368,0.48907,145.76128,"Phe_272","Disorders of lipoid metabolism (N cases = 335948, N controls = 90622)"
"173","020222_ATAC_Stim_TNFa",-5.8039,15.955,0.67127,31.2718,"Phe_272_1","Hyperlipidemia (N cases = 335680, N controls = 90923)"
"174","020222_ATAC_Stim_UT",-3.1905,14.589,0.77469,28.59444,"Phe_272_1","Hyperlipidemia (N cases = 335680, N controls = 90923)"
"175","ASoC_TNFa_11samp_WGS",-29.439,77.53,0.69154,151.9588,"Phe_272_1","Hyperlipidemia (N cases = 335680, N controls = 90923)"
"176","ASoC_UT_11samp_WGS",53.676,71.194,0.4481,139.54024,"Phe_272_1","Hyperlipidemia (N cases = 335680, N controls = 90923)"
"177","020222_ATAC_Stim_TNFa",117.15,137.62,0.092303,269.7352,"Phe_272_11","Hypercholesterolemia (N cases = 65795, N controls = 351476)"
"178","020222_ATAC_Stim_UT",1.8385,73.276,0.99013,143.62096,"Phe_272_11","Hypercholesterolemia (N cases = 65795, N controls = 351476)"
"179","ASoC_TNFa_11samp_WGS",-1.0028,416.49,0.99596,816.3204,"Phe_272_11","Hypercholesterolemia (N cases = 65795, N controls = 351476)"
"180","ASoC_UT_11samp_WGS",-154.33,337.31,0.56092,661.1276,"Phe_272_11","Hypercholesterolemia (N cases = 65795, N controls = 351476)"
"181","020222_ATAC_Stim_TNFa",-328.9,664.92,0.0143,1303.2432,"Phe_272_12","Hyperglyceridemia (N cases = 17425, N controls = 419299)"
"182","020222_ATAC_Stim_UT",-332.57,687.65,0.024812,1347.794,"Phe_272_12","Hyperglyceridemia (N cases = 17425, N controls = 419299)"
"183","ASoC_TNFa_11samp_WGS",601.43,1248.4,0.14068,2446.864,"Phe_272_12","Hyperglyceridemia (N cases = 17425, N controls = 419299)"
"184","ASoC_UT_11samp_WGS",564.16,1112.9,0.052757,2181.284,"Phe_272_12","Hyperglyceridemia (N cases = 17425, N controls = 419299)"
"185","020222_ATAC_Stim_TNFa",-23.224,33.577,0.37626,65.81092,"Phe_272_13","Mixed hyperlipidemia (N cases = 98406, N controls = 315322)"
"186","020222_ATAC_Stim_UT",-12.801,31.367,0.63997,61.47932,"Phe_272_13","Mixed hyperlipidemia (N cases = 98406, N controls = 315322)"
"187","ASoC_TNFa_11samp_WGS",42.758,127.08,0.73777,249.0768,"Phe_272_13","Mixed hyperlipidemia (N cases = 98406, N controls = 315322)"
"188","ASoC_UT_11samp_WGS",85.749,126.82,0.44213,248.5672,"Phe_272_13","Mixed hyperlipidemia (N cases = 98406, N controls = 315322)"
"189","020222_ATAC_Stim_TNFa",-207.71,1460.3,0.32115,2862.188,"Phe_275","Disorders of mineral metabolism (N cases = 24136, N controls = 403344)"
"190","020222_ATAC_Stim_UT",-382.7,2816.8,0.11772,5520.928,"Phe_275","Disorders of mineral metabolism (N cases = 24136, N controls = 403344)"
"191","ASoC_TNFa_11samp_WGS",-1366.1,9837,0.32662,19280.52,"Phe_275","Disorders of mineral metabolism (N cases = 24136, N controls = 403344)"
"192","ASoC_UT_11samp_WGS",-527.29,3605.7,0.6575,7067.172,"Phe_275","Disorders of mineral metabolism (N cases = 24136, N controls = 403344)"
"193","020222_ATAC_Stim_TNFa",64.902,48.397,0.087334,94.85812,"Phe_276","Disorders of fluid, electrolyte, and acid-based balance (N cases = 74426, N controls = 323713)"
"194","020222_ATAC_Stim_UT",86.601,56.619,0.0562,110.97324,"Phe_276","Disorders of fluid, electrolyte, and acid-based balance (N cases = 74426, N controls = 323713)"
"195","ASoC_TNFa_11samp_WGS",106.71,276.67,0.67943,542.2732,"Phe_276","Disorders of fluid, electrolyte, and acid-based balance (N cases = 74426, N controls = 323713)"
"196","ASoC_UT_11samp_WGS",1052.2,1209,0.33647,2369.64,"Phe_276","Disorders of fluid, electrolyte, and acid-based balance (N cases = 74426, N controls = 323713)"
"197","020222_ATAC_Stim_TNFa",81.702,83.061,0.21222,162.79956,"Phe_276_1","Electrolyte imbalance (N cases = 55646, N controls = 352393)"
"198","020222_ATAC_Stim_UT",116.41,97.838,0.087248,191.76248,"Phe_276_1","Electrolyte imbalance (N cases = 55646, N controls = 352393)"
"199","ASoC_TNFa_11samp_WGS",163.54,439.04,0.68599,860.5184,"Phe_276_1","Electrolyte imbalance (N cases = 55646, N controls = 352393)"
"200","ASoC_UT_11samp_WGS",1609.8,2119,0.36812,4153.24,"Phe_276_1","Electrolyte imbalance (N cases = 55646, N controls = 352393)"
"201","020222_ATAC_Stim_TNFa",-66.854,111.11,0.33369,217.7756,"Phe_276_12","Hyposmolality and/or hyponatremia (N cases = 17144, N controls = 416063)"
"202","020222_ATAC_Stim_UT",-99.455,139.3,0.17715,273.028,"Phe_276_12","Hyposmolality and/or hyponatremia (N cases = 17144, N controls = 416063)"
"203","ASoC_TNFa_11samp_WGS",107.98,292.37,0.67005,573.0452,"Phe_276_12","Hyposmolality and/or hyponatremia (N cases = 17144, N controls = 416063)"
"204","ASoC_UT_11samp_WGS",836.16,1422.8,0.4635,2788.688,"Phe_276_12","Hyposmolality and/or hyponatremia (N cases = 17144, N controls = 416063)"
"205","020222_ATAC_Stim_TNFa",83.358,68.53,0.079449,134.3188,"Phe_276_13","Hyperpotassemia (N cases = 17226, N controls = 415141)"
"206","020222_ATAC_Stim_UT",141.73,94.287,0.016435,184.80252,"Phe_276_13","Hyperpotassemia (N cases = 17226, N controls = 415141)"
"207","ASoC_TNFa_11samp_WGS",134.71,255.23,0.57422,500.2508,"Phe_276_13","Hyperpotassemia (N cases = 17226, N controls = 415141)"
"208","ASoC_UT_11samp_WGS",448.33,637.74,0.43874,1249.9704,"Phe_276_13","Hyperpotassemia (N cases = 17226, N controls = 415141)"
"209","020222_ATAC_Stim_TNFa",34.486,23.496,0.126,46.05216,"Phe_276_14","Hypopotassemia (N cases = 23659, N controls = 402078)"
"210","020222_ATAC_Stim_UT",34.425,27.694,0.22671,54.28024,"Phe_276_14","Hypopotassemia (N cases = 23659, N controls = 402078)"
"211","ASoC_TNFa_11samp_WGS",-73.421,107.18,0.481,210.0728,"Phe_276_14","Hypopotassemia (N cases = 23659, N controls = 402078)"
"212","ASoC_UT_11samp_WGS",-62.829,104.81,0.52717,205.4276,"Phe_276_14","Hypopotassemia (N cases = 23659, N controls = 402078)"
"213","020222_ATAC_Stim_TNFa",86.092,117,0.33771,229.32,"Phe_276_4","Acid-base balance disorder (N cases = 10439, N controls = 424044)"
"214","020222_ATAC_Stim_UT",-55.608,123.69,0.56674,242.4324,"Phe_276_4","Acid-base balance disorder (N cases = 10439, N controls = 424044)"
"215","ASoC_TNFa_11samp_WGS",-118.01,390.29,0.72487,764.9684,"Phe_276_4","Acid-base balance disorder (N cases = 10439, N controls = 424044)"
"216","ASoC_UT_11samp_WGS",-135.28,309.8,0.64664,607.208,"Phe_276_4","Acid-base balance disorder (N cases = 10439, N controls = 424044)"
"217","020222_ATAC_Stim_TNFa",84.991,73.591,0.057299,144.23836,"Phe_276_5","Hypovolemia (N cases = 22799, N controls = 393769)"
"218","020222_ATAC_Stim_UT",72.011,68.243,0.067523,133.75628,"Phe_276_5","Hypovolemia (N cases = 22799, N controls = 393769)"
"219","ASoC_TNFa_11samp_WGS",402.3,441.98,0.19255,866.2808,"Phe_276_5","Hypovolemia (N cases = 22799, N controls = 393769)"
"220","ASoC_UT_11samp_WGS",269.25,332.97,0.29928,652.6212,"Phe_276_5","Hypovolemia (N cases = 22799, N controls = 393769)"
"221","020222_ATAC_Stim_TNFa",-5.7655,31.771,0.83778,62.27116,"Phe_278","Overweight, obesity and other hyperalimentation (N cases = 187880, N controls = 218356)"
"222","020222_ATAC_Stim_UT",-6.8127,32.29,0.8157,63.2884,"Phe_278","Overweight, obesity and other hyperalimentation (N cases = 187880, N controls = 218356)"
"223","ASoC_TNFa_11samp_WGS",264.76,204.94,0.11812,401.6824,"Phe_278","Overweight, obesity and other hyperalimentation (N cases = 187880, N controls = 218356)"
"224","ASoC_UT_11samp_WGS",-56.443,99.359,0.58762,194.74364,"Phe_278","Overweight, obesity and other hyperalimentation (N cases = 187880, N controls = 218356)"
"225","020222_ATAC_Stim_TNFa",-1.0389,26.678,0.94159,52.28888,"Phe_278_1","Obesity (N cases = 169600, N controls = 244254)"
"226","020222_ATAC_Stim_UT",-3.8829,26.804,0.86041,52.53584,"Phe_278_1","Obesity (N cases = 169600, N controls = 244254)"
"227","ASoC_TNFa_11samp_WGS",124.31,103.67,0.20655,203.1932,"Phe_278_1","Obesity (N cases = 169600, N controls = 244254)"
"228","ASoC_UT_11samp_WGS",-108.28,62.077,0.063173,121.67092,"Phe_278_1","Obesity (N cases = 169600, N controls = 244254)"
"229","020222_ATAC_Stim_TNFa",-203.77,1822.4,0.58378,3571.904,"Phe_278_11","Morbid obesity (N cases = 45933, N controls = 385784)"
"230","020222_ATAC_Stim_UT",103.19,1057.8,0.7961,2073.288,"Phe_278_11","Morbid obesity (N cases = 45933, N controls = 385784)"
"231","ASoC_TNFa_11samp_WGS",2254.3,20885,0.25838,40934.6,"Phe_278_11","Morbid obesity (N cases = 45933, N controls = 385784)"
"232","ASoC_UT_11samp_WGS",-1127,10072,0.3952,19741.12,"Phe_278_11","Morbid obesity (N cases = 45933, N controls = 385784)"
"233","020222_ATAC_Stim_TNFa",48.898,24.533,0.029338,48.08468,"Phe_530","Diseases of esophagus (N cases = 189441, N controls = 223867)"
"234","020222_ATAC_Stim_UT",64.039,27.207,0.010145,53.32572,"Phe_530","Diseases of esophagus (N cases = 189441, N controls = 223867)"
"235","ASoC_TNFa_11samp_WGS",-24.781,116.07,0.82559,227.4972,"Phe_530","Diseases of esophagus (N cases = 189441, N controls = 223867)"
"236","ASoC_UT_11samp_WGS",-158.42,91.426,0.046835,179.19496,"Phe_530","Diseases of esophagus (N cases = 189441, N controls = 223867)"
"237","020222_ATAC_Stim_TNFa",46.519,22.876,0.031845,44.83696,"Phe_530_1","Esophagitis, GERD and related diseases (N cases = 185368, N controls = 228046)"
"238","020222_ATAC_Stim_UT",60.689,24.949,0.011122,48.90004,"Phe_530_1","Esophagitis, GERD and related diseases (N cases = 185368, N controls = 228046)"
"239","ASoC_TNFa_11samp_WGS",-11.89,104.85,0.9026,205.506,"Phe_530_1","Esophagitis, GERD and related diseases (N cases = 185368, N controls = 228046)"
"240","ASoC_UT_11samp_WGS",-168.82,85.998,0.019244,168.55608,"Phe_530_1","Esophagitis, GERD and related diseases (N cases = 185368, N controls = 228046)"
"241","020222_ATAC_Stim_TNFa",60.189,29.13,0.021989,57.0948,"Phe_530_11","GERD (N cases = 175991, N controls = 236737)"
"242","020222_ATAC_Stim_UT",84.043,35.871,0.0065359,70.30716,"Phe_530_11","GERD (N cases = 175991, N controls = 236737)"
"243","ASoC_TNFa_11samp_WGS",16.529,133.37,0.90653,261.4052,"Phe_530_11","GERD (N cases = 175991, N controls = 236737)"
"244","ASoC_UT_11samp_WGS",-168.56,105.13,0.042454,206.0548,"Phe_530_11","GERD (N cases = 175991, N controls = 236737)"
"245","020222_ATAC_Stim_TNFa",-9.983,18.756,0.55526,36.76176,"Phe_530_13","Barrett's esophagus (N cases = 14584, N controls = 432257)"
"246","020222_ATAC_Stim_UT",0.32344,22.75,0.97593,44.59,"Phe_530_13","Barrett's esophagus (N cases = 14584, N controls = 432257)"
"247","ASoC_TNFa_11samp_WGS",-26.692,53.83,0.61142,105.5068,"Phe_530_13","Barrett's esophagus (N cases = 14584, N controls = 432257)"
"248","ASoC_UT_11samp_WGS",-107.18,60.305,0.030492,118.1978,"Phe_530_13","Barrett's esophagus (N cases = 14584, N controls = 432257)"
"249","020222_ATAC_Stim_TNFa",171.49,182.11,0.010229,356.9356,"Phe_530_14","Reflux esophagitis (N cases = 15549, N controls = 417617)"
"250","020222_ATAC_Stim_UT",114.94,133.75,0.1412,262.15,"Phe_530_14","Reflux esophagitis (N cases = 15549, N controls = 417617)"
"251","ASoC_TNFa_11samp_WGS",400.85,497.13,0.14277,974.3748,"Phe_530_14","Reflux esophagitis (N cases = 15549, N controls = 417617)"
"252","ASoC_UT_11samp_WGS",308.75,375.77,0.11463,736.5092,"Phe_530_14","Reflux esophagitis (N cases = 15549, N controls = 417617)"
"253","020222_ATAC_Stim_TNFa",-28.597,73.611,0.65366,144.27756,"Phe_531","Peptic ulcer (N cases = 16413, N controls = 422212)"
"254","020222_ATAC_Stim_UT",13.515,77.752,0.85835,152.39392,"Phe_531","Peptic ulcer (N cases = 16413, N controls = 422212)"
"255","ASoC_TNFa_11samp_WGS",197.46,316.36,0.49988,620.0656,"Phe_531","Peptic ulcer (N cases = 16413, N controls = 422212)"
"256","ASoC_UT_11samp_WGS",-24.372,302.75,0.92521,593.39,"Phe_531","Peptic ulcer (N cases = 16413, N controls = 422212)"
"257","020222_ATAC_Stim_TNFa",163,183.1,0.056854,358.876,"Phe_535","Gastritis and duodenitis (N cases = 20797, N controls = 394987)"
"258","020222_ATAC_Stim_UT",88.654,121.48,0.31672,238.1008,"Phe_535","Gastritis and duodenitis (N cases = 20797, N controls = 394987)"
"259","ASoC_TNFa_11samp_WGS",-230.01,406.13,0.50682,796.0148,"Phe_535","Gastritis and duodenitis (N cases = 20797, N controls = 394987)"
"260","ASoC_UT_11samp_WGS",-64.99,388.52,0.86256,761.4992,"Phe_535","Gastritis and duodenitis (N cases = 20797, N controls = 394987)"
"261","020222_ATAC_Stim_TNFa",-568.13,15694,0.33681,30760.24,"Phe_536","Disorders of function of stomach (N cases = 12584, N controls = 420458)"
"262","020222_ATAC_Stim_UT",-220.62,6363.5,0.70763,12472.46,"Phe_536","Disorders of function of stomach (N cases = 12584, N controls = 420458)"
"263","ASoC_TNFa_11samp_WGS",1201.8,34207,0.44523,67045.72,"Phe_536","Disorders of function of stomach (N cases = 12584, N controls = 420458)"
"264","ASoC_UT_11samp_WGS",1447.4,37701,0.28934,73893.96,"Phe_536","Disorders of function of stomach (N cases = 12584, N controls = 420458)"
"265","020222_ATAC_Stim_TNFa",86.8,87.855,0.081448,172.1958,"Phe_550","Abdominal hernia (N cases = 71035, N controls = 345335)"
"266","020222_ATAC_Stim_UT",113.38,106.39,0.02054,208.5244,"Phe_550","Abdominal hernia (N cases = 71035, N controls = 345335)"
"267","ASoC_TNFa_11samp_WGS",191.09,280.3,0.36579,549.388,"Phe_550","Abdominal hernia (N cases = 71035, N controls = 345335)"
"268","ASoC_UT_11samp_WGS",81.851,171.84,0.60396,336.8064,"Phe_550","Abdominal hernia (N cases = 71035, N controls = 345335)"
"269","020222_ATAC_Stim_TNFa",26.029,56.137,0.63741,110.02852,"Phe_550_1","Inguinal hernia (N cases = 30294, N controls = 410088)"
"270","020222_ATAC_Stim_UT",33.004,47.96,0.49034,94.0016,"Phe_550_1","Inguinal hernia (N cases = 30294, N controls = 410088)"
"271","ASoC_TNFa_11samp_WGS",-43.966,218.68,0.82141,428.6128,"Phe_550_1","Inguinal hernia (N cases = 30294, N controls = 410088)"
"272","ASoC_UT_11samp_WGS",40.567,246,0.8635,482.16,"Phe_550_1","Inguinal hernia (N cases = 30294, N controls = 410088)"
"273","020222_ATAC_Stim_TNFa",-55.026,283.21,0.73282,555.0916,"Phe_550_2","Diaphragmatic hernia (N cases = 19852, N controls = 406606)"
"274","020222_ATAC_Stim_UT",25.559,198.28,0.8834,388.6288,"Phe_550_2","Diaphragmatic hernia (N cases = 19852, N controls = 406606)"
"275","ASoC_TNFa_11samp_WGS",-105.35,1114.7,0.89532,2184.812,"Phe_550_2","Diaphragmatic hernia (N cases = 19852, N controls = 406606)"
"276","ASoC_UT_11samp_WGS",1309,4034.3,0.1246,7907.228,"Phe_550_2","Diaphragmatic hernia (N cases = 19852, N controls = 406606)"
"277","020222_ATAC_Stim_TNFa",84.147,97.526,0.24012,191.15096,"Phe_550_4","Umbilical hernia (N cases = 15292, N controls = 428443)"
"278","020222_ATAC_Stim_UT",77.41,94.575,0.27896,185.367,"Phe_550_4","Umbilical hernia (N cases = 15292, N controls = 428443)"
"279","ASoC_TNFa_11samp_WGS",460.74,592.21,0.18112,1160.7316,"Phe_550_4","Umbilical hernia (N cases = 15292, N controls = 428443)"
"280","ASoC_UT_11samp_WGS",275.48,442.7,0.40016,867.692,"Phe_550_4","Umbilical hernia (N cases = 15292, N controls = 428443)"
"281","020222_ATAC_Stim_TNFa",-7.9863,69.627,0.88999,136.46892,"Phe_558","Noninfectious gastroenteritis (N cases = 14278, N controls = 411628)"
"282","020222_ATAC_Stim_UT",18.857,76.373,0.80839,149.69108,"Phe_558","Noninfectious gastroenteritis (N cases = 14278, N controls = 411628)"
"283","ASoC_TNFa_11samp_WGS",-336.59,484.85,0.16731,950.306,"Phe_558","Noninfectious gastroenteritis (N cases = 14278, N controls = 411628)"
"284","ASoC_UT_11samp_WGS",-184.78,307.72,0.46714,603.1312,"Phe_558","Noninfectious gastroenteritis (N cases = 14278, N controls = 411628)"
"285","020222_ATAC_Stim_TNFa",-4.3863,35.113,0.88087,68.82148,"Phe_560","Intestinal obstruction without mention of hernia (N cases = 10138, N controls = 429558)"
"286","020222_ATAC_Stim_UT",13.238,31.813,0.70368,62.35348,"Phe_560","Intestinal obstruction without mention of hernia (N cases = 10138, N controls = 429558)"
"287","ASoC_TNFa_11samp_WGS",46.312,170.49,0.78718,334.1604,"Phe_560","Intestinal obstruction without mention of hernia (N cases = 10138, N controls = 429558)"
"288","ASoC_UT_11samp_WGS",64.344,109.24,0.5513,214.1104,"Phe_560","Intestinal obstruction without mention of hernia (N cases = 10138, N controls = 429558)"
"289","020222_ATAC_Stim_TNFa",-32.01,70.944,0.60842,139.05024,"Phe_561","Symptoms involving digestive system (N cases = 60074, N controls = 337851)"
"290","020222_ATAC_Stim_UT",-0.20016,76.642,0.98529,150.21832,"Phe_561","Symptoms involving digestive system (N cases = 60074, N controls = 337851)"
"291","ASoC_TNFa_11samp_WGS",-80.62,299.81,0.77631,587.6276,"Phe_561","Symptoms involving digestive system (N cases = 60074, N controls = 337851)"
"292","ASoC_UT_11samp_WGS",270.23,460.97,0.31731,903.5012,"Phe_561","Symptoms involving digestive system (N cases = 60074, N controls = 337851)"
"293","020222_ATAC_Stim_TNFa",619.37,42070,0.66179,82457.2,"Phe_561_1","Diarrhea (N cases = 47462, N controls = 359574)"
"294","020222_ATAC_Stim_UT",1288.1,86550,0.4039,169638,"Phe_561_1","Diarrhea (N cases = 47462, N controls = 359574)"
"295","ASoC_TNFa_11samp_WGS",-3132.1,218900,0.65612,429044,"Phe_561_1","Diarrhea (N cases = 47462, N controls = 359574)"
"296","ASoC_UT_11samp_WGS",5564.3,377800,0.61586,740488,"Phe_561_1","Diarrhea (N cases = 47462, N controls = 359574)"
"297","020222_ATAC_Stim_TNFa",33.461,54.833,0.41028,107.47268,"Phe_562","Diverticulosis and diverticulitis (N cases = 60821, N controls = 330833)"
"298","020222_ATAC_Stim_UT",23.372,53.393,0.59155,104.65028,"Phe_562","Diverticulosis and diverticulitis (N cases = 60821, N controls = 330833)"
"299","ASoC_TNFa_11samp_WGS",341.18,255.53,0.066137,500.8388,"Phe_562","Diverticulosis and diverticulitis (N cases = 60821, N controls = 330833)"
"300","ASoC_UT_11samp_WGS",-45.46,115.1,0.68523,225.596,"Phe_562","Diverticulosis and diverticulitis (N cases = 60821, N controls = 330833)"
"301","020222_ATAC_Stim_TNFa",13.071,41.364,0.72156,81.07344,"Phe_562_1","Diverticulosis (N cases = 53699, N controls = 338014)"
"302","020222_ATAC_Stim_UT",4.4452,40.942,0.92275,80.24632,"Phe_562_1","Diverticulosis (N cases = 53699, N controls = 338014)"
"303","ASoC_TNFa_11samp_WGS",323.38,234.08,0.058684,458.7968,"Phe_562_1","Diverticulosis (N cases = 53699, N controls = 338014)"
"304","ASoC_UT_11samp_WGS",37.108,109.51,0.72408,214.6396,"Phe_562_1","Diverticulosis (N cases = 53699, N controls = 338014)"
"305","020222_ATAC_Stim_TNFa",-41.386,106.4,0.62747,208.544,"Phe_562_2","Diverticulitis (N cases = 10900, N controls = 428348)"
"306","020222_ATAC_Stim_UT",-119.03,175.9,0.18804,344.764,"Phe_562_2","Diverticulitis (N cases = 10900, N controls = 428348)"
"307","ASoC_TNFa_11samp_WGS",-522.75,697.29,0.124,1366.6884,"Phe_562_2","Diverticulitis (N cases = 10900, N controls = 428348)"
"308","ASoC_UT_11samp_WGS",-719.97,771.01,0.0021607,1511.1796,"Phe_562_2","Diverticulitis (N cases = 10900, N controls = 428348)"
"309","020222_ATAC_Stim_TNFa",148.74,292.45,0.17827,573.202,"Phe_563","Constipation (N cases = 48515, N controls = 358488)"
"310","020222_ATAC_Stim_UT",166.11,319.67,0.1722,626.5532,"Phe_563","Constipation (N cases = 48515, N controls = 358488)"
"311","ASoC_TNFa_11samp_WGS",599.04,1226.4,0.2885,2403.744,"Phe_563","Constipation (N cases = 48515, N controls = 358488)"
"312","ASoC_UT_11samp_WGS",-684.6,1093.1,0.040777,2142.476,"Phe_563","Constipation (N cases = 48515, N controls = 358488)"
"313","020222_ATAC_Stim_TNFa",0.31513,71.507,0.99243,140.15372,"Phe_564","Functional digestive disorders (N cases = 27707, N controls = 391566)"
"314","020222_ATAC_Stim_UT",-58.397,120.68,0.49226,236.5328,"Phe_564","Functional digestive disorders (N cases = 27707, N controls = 391566)"
"315","ASoC_TNFa_11samp_WGS",776.75,1140.8,0.12067,2235.968,"Phe_564","Functional digestive disorders (N cases = 27707, N controls = 391566)"
"316","ASoC_UT_11samp_WGS",355.83,882.4,0.65508,1729.504,"Phe_564","Functional digestive disorders (N cases = 27707, N controls = 391566)"
"317","020222_ATAC_Stim_TNFa",26.944,36.156,0.47702,70.86576,"Phe_564_1","Irritable bowel syndrome (N cases = 14867, N controls = 427355)"
"318","020222_ATAC_Stim_UT",-12.939,42.507,0.73584,83.31372,"Phe_564_1","Irritable bowel syndrome (N cases = 14867, N controls = 427355)"
"319","ASoC_TNFa_11samp_WGS",107.11,292.51,0.70906,573.3196,"Phe_564_1","Irritable bowel syndrome (N cases = 14867, N controls = 427355)"
"320","ASoC_UT_11samp_WGS",263.82,317.34,0.38069,621.9864,"Phe_564_1","Irritable bowel syndrome (N cases = 14867, N controls = 427355)"
"321","020222_ATAC_Stim_TNFa",99.94,101.11,0.10181,198.1756,"Phe_565","Anal and rectal conditions (N cases = 14676, N controls = 410407)"
"322","020222_ATAC_Stim_UT",112.54,113.45,0.11182,222.362,"Phe_565","Anal and rectal conditions (N cases = 14676, N controls = 410407)"
"323","ASoC_TNFa_11samp_WGS",199.87,486.12,0.68759,952.7952,"Phe_565","Anal and rectal conditions (N cases = 14676, N controls = 410407)"
"324","ASoC_UT_11samp_WGS",243.49,517.09,0.62464,1013.4964,"Phe_565","Anal and rectal conditions (N cases = 14676, N controls = 410407)"
"325","020222_ATAC_Stim_TNFa",14.036,41.908,0.75429,82.13968,"Phe_571","Chronic liver disease and cirrhosis (N cases = 30744, N controls = 401215)"
"326","020222_ATAC_Stim_UT",33.029,47.143,0.48249,92.40028,"Phe_571","Chronic liver disease and cirrhosis (N cases = 30744, N controls = 401215)"
"327","ASoC_TNFa_11samp_WGS",3.6859,154.96,0.98602,303.7216,"Phe_571","Chronic liver disease and cirrhosis (N cases = 30744, N controls = 401215)"
"328","ASoC_UT_11samp_WGS",-231.67,229.1,0.26051,449.036,"Phe_571","Chronic liver disease and cirrhosis (N cases = 30744, N controls = 401215)"
"329","020222_ATAC_Stim_TNFa",39.454,40.971,0.32596,80.30316,"Phe_571_5","Other chronic nonalcoholic liver disease (N cases = 29342, N controls = 403367)"
"330","020222_ATAC_Stim_UT",51.908,48.309,0.2593,94.68564,"Phe_571_5","Other chronic nonalcoholic liver disease (N cases = 29342, N controls = 403367)"
"331","ASoC_TNFa_11samp_WGS",83.479,168.05,0.59932,329.378,"Phe_571_5","Other chronic nonalcoholic liver disease (N cases = 29342, N controls = 403367)"
"332","ASoC_UT_11samp_WGS",-124.86,175.66,0.44958,344.2936,"Phe_571_5","Other chronic nonalcoholic liver disease (N cases = 29342, N controls = 403367)"
"333","020222_ATAC_Stim_TNFa",-46.074,257.37,0.79264,504.4452,"Phe_571_51","Cirrhosis of liver without mention of alcohol (N cases = 13367, N controls = 433864)"
"334","020222_ATAC_Stim_UT",83.497,330.31,0.62176,647.4076,"Phe_571_51","Cirrhosis of liver without mention of alcohol (N cases = 13367, N controls = 433864)"
"335","ASoC_TNFa_11samp_WGS",-253.92,857.94,0.70174,1681.5624,"Phe_571_51","Cirrhosis of liver without mention of alcohol (N cases = 13367, N controls = 433864)"
"336","ASoC_UT_11samp_WGS",-732.17,2566.9,0.13061,5031.124,"Phe_571_51","Cirrhosis of liver without mention of alcohol (N cases = 13367, N controls = 433864)"
"337","020222_ATAC_Stim_TNFa",86.061,99.25,0.044966,194.53,"Phe_573_7","Abnormal results of function study of liver (N cases = 30105, N controls = 398152)"
"338","020222_ATAC_Stim_UT",104.61,117.98,0.072026,231.2408,"Phe_573_7","Abnormal results of function study of liver (N cases = 30105, N controls = 398152)"
"339","ASoC_TNFa_11samp_WGS",-145.09,228.08,0.49313,447.0368,"Phe_573_7","Abnormal results of function study of liver (N cases = 30105, N controls = 398152)"
"340","ASoC_UT_11samp_WGS",160.79,285.05,0.45058,558.698,"Phe_573_7","Abnormal results of function study of liver (N cases = 30105, N controls = 398152)"
"341","020222_ATAC_Stim_TNFa",46.188,163.74,0.73205,320.9304,"Phe_574","Cholelithiasis and cholecystitis (N cases = 23182, N controls = 416631)"
"342","020222_ATAC_Stim_UT",38.76,157.01,0.76783,307.7396,"Phe_574","Cholelithiasis and cholecystitis (N cases = 23182, N controls = 416631)"
"343","ASoC_TNFa_11samp_WGS",81.789,388.54,0.82112,761.5384,"Phe_574","Cholelithiasis and cholecystitis (N cases = 23182, N controls = 416631)"
"344","ASoC_UT_11samp_WGS",-733.82,1150.2,0.0089515,2254.392,"Phe_574","Cholelithiasis and cholecystitis (N cases = 23182, N controls = 416631)"
"345","020222_ATAC_Stim_TNFa",-70.477,431.35,0.71159,845.446,"Phe_574_1","Cholelithiasis (N cases = 18237, N controls = 421370)"
"346","020222_ATAC_Stim_UT",-108.79,562.69,0.55161,1102.8724,"Phe_574_1","Cholelithiasis (N cases = 18237, N controls = 421370)"
"347","ASoC_TNFa_11samp_WGS",-473.95,2063.7,0.39095,4044.852,"Phe_574_1","Cholelithiasis (N cases = 18237, N controls = 421370)"
"348","ASoC_UT_11samp_WGS",-1190.4,4755.7,0.016578,9321.172,"Phe_574_1","Cholelithiasis (N cases = 18237, N controls = 421370)"
"349","020222_ATAC_Stim_TNFa",-61.791,132.38,0.46134,259.4648,"Phe_577","Diseases of pancreas (N cases = 12564, N controls = 431876)"
"350","020222_ATAC_Stim_UT",12.239,113.61,0.90568,222.6756,"Phe_577","Diseases of pancreas (N cases = 12564, N controls = 431876)"
"351","ASoC_TNFa_11samp_WGS",833.62,1119.7,0.040311,2194.612,"Phe_577","Diseases of pancreas (N cases = 12564, N controls = 431876)"
"352","ASoC_UT_11samp_WGS",707.52,1130.4,0.023924,2215.584,"Phe_577","Diseases of pancreas (N cases = 12564, N controls = 431876)"
"353","020222_ATAC_Stim_TNFa",72.472,1808.7,0.86336,3545.052,"Phe_578","Gastrointestinal hemorrhage (N cases = 47936, N controls = 366187)"
"354","020222_ATAC_Stim_UT",-87.335,2837.5,0.85379,5561.5,"Phe_578","Gastrointestinal hemorrhage (N cases = 47936, N controls = 366187)"
"355","ASoC_TNFa_11samp_WGS",337.66,8702.8,0.85161,17057.488,"Phe_578","Gastrointestinal hemorrhage (N cases = 47936, N controls = 366187)"
"356","ASoC_UT_11samp_WGS",-516.78,16074,0.84731,31505.04,"Phe_578","Gastrointestinal hemorrhage (N cases = 47936, N controls = 366187)"
"357","020222_ATAC_Stim_TNFa",33.423,39.094,0.3877,76.62424,"Phe_578_2","Blood in stool (N cases = 21012, N controls = 400480)"
"358","020222_ATAC_Stim_UT",30.862,48.022,0.52132,94.12312,"Phe_578_2","Blood in stool (N cases = 21012, N controls = 400480)"
"359","ASoC_TNFa_11samp_WGS",-20.124,184.11,0.90693,360.8556,"Phe_578_2","Blood in stool (N cases = 21012, N controls = 400480)"
"360","ASoC_UT_11samp_WGS",58.853,208.61,0.77665,408.8756,"Phe_578_2","Blood in stool (N cases = 21012, N controls = 400480)"
"361","020222_ATAC_Stim_TNFa",1.8154,48.459,0.98682,94.97964,"Phe_578_8","Hemorrhage of rectum and anus (N cases = 14212, N controls = 415119)"
"362","020222_ATAC_Stim_UT",38.581,60.005,0.51382,117.6098,"Phe_578_8","Hemorrhage of rectum and anus (N cases = 14212, N controls = 415119)"
"363","ASoC_TNFa_11samp_WGS",-14.561,212.67,0.94322,416.8332,"Phe_578_8","Hemorrhage of rectum and anus (N cases = 14212, N controls = 415119)"
"364","ASoC_UT_11samp_WGS",277.45,268.45,0.11553,526.162,"Phe_578_8","Hemorrhage of rectum and anus (N cases = 14212, N controls = 415119)"
"365","020222_ATAC_Stim_TNFa",15.837,63.564,0.78158,124.58544,"Phe_578_9","Hemorrhage of gastrointestinal tract (N cases = 14284, N controls = 421134)"
"366","020222_ATAC_Stim_UT",-38.796,51.253,0.42306,100.45588,"Phe_578_9","Hemorrhage of gastrointestinal tract (N cases = 14284, N controls = 421134)"
"367","ASoC_TNFa_11samp_WGS",102.4,254.09,0.66503,498.0164,"Phe_578_9","Hemorrhage of gastrointestinal tract (N cases = 14284, N controls = 421134)"
"368","ASoC_UT_11samp_WGS",82.301,321.1,0.79377,629.356,"Phe_578_9","Hemorrhage of gastrointestinal tract (N cases = 14284, N controls = 421134)"
"369","020222_ATAC_Stim_TNFa",51.225,43.974,0.19229,86.18904,"Phe_785","Abdominal pain (N cases = 89262, N controls = 299053)"
"370","020222_ATAC_Stim_UT",41.977,43.229,0.30721,84.72884,"Phe_785","Abdominal pain (N cases = 89262, N controls = 299053)"
"371","ASoC_TNFa_11samp_WGS",-136.52,126.91,0.19963,248.7436,"Phe_785","Abdominal pain (N cases = 89262, N controls = 299053)"
"372","ASoC_UT_11samp_WGS",-167.14,121.94,0.035355,239.0024,"Phe_785","Abdominal pain (N cases = 89262, N controls = 299053)"
"373","020222_ATAC_Stim_TNFa",149.52,189,0.10355,370.44,"Phe_789","Nausea and vomiting (N cases = 30059, N controls = 381553)"
"374","020222_ATAC_Stim_UT",95.399,138.62,0.33042,271.6952,"Phe_789","Nausea and vomiting (N cases = 30059, N controls = 381553)"
"375","ASoC_TNFa_11samp_WGS",13.698,536.72,0.98179,1051.9712,"Phe_789","Nausea and vomiting (N cases = 30059, N controls = 381553)"
"376","ASoC_UT_11samp_WGS",-317.74,921.93,0.72279,1806.9828,"Phe_789","Nausea and vomiting (N cases = 30059, N controls = 381553)"
"377","020222_ATAC_Stim_TNFa",2.0453,11.93,0.92826,23.3828,"Sodium_BSP_Mean_INT","Sodium (N total = 421240)"
"378","020222_ATAC_Stim_UT",-5.5316,11.983,0.58588,23.48668,"Sodium_BSP_Mean_INT","Sodium (N total = 421240)"
"379","ASoC_TNFa_11samp_WGS",-18.929,43.971,0.64707,86.18316,"Sodium_BSP_Mean_INT","Sodium (N total = 421240)"
"380","ASoC_UT_11samp_WGS",11.218,64.657,0.87684,126.72772,"Sodium_BSP_Mean_INT","Sodium (N total = 421240)"
"381","020222_ATAC_Stim_TNFa",54.033,33.13,0.091876,64.9348,"TotChol_Mean_INT","Total cholesterol (N total = 397615)"
"382","020222_ATAC_Stim_UT",67.242,36.363,0.052896,71.27148,"TotChol_Mean_INT","Total cholesterol (N total = 397615)"
"383","ASoC_TNFa_11samp_WGS",88.414,134.68,0.49719,263.9728,"TotChol_Mean_INT","Total cholesterol (N total = 397615)"
"384","ASoC_UT_11samp_WGS",-127.85,71.076,0.068152,139.30896,"TotChol_Mean_INT","Total cholesterol (N total = 397615)"
"385","020222_ATAC_Stim_TNFa",26.28,15.913,0.12058,31.18948,"Trig_Mean_INT","Triglyceride (N total = 391626)"
"386","020222_ATAC_Stim_UT",37.344,16.526,0.030933,32.39096,"Trig_Mean_INT","Triglyceride (N total = 391626)"
"387","ASoC_TNFa_11samp_WGS",13.992,78.041,0.86512,152.96036,"Trig_Mean_INT","Triglyceride (N total = 391626)"
"388","ASoC_UT_11samp_WGS",-16.034,52.812,0.74622,103.51152,"Trig_Mean_INT","Triglyceride (N total = 391626)"
